seq,first,last,email,gender,phone,street,city,state,zip,birthday
1,Barry,Wilkerson,hibe@le.kn,Female,(943) 998-4885,Vaub Road,Jewurod,MD,4173,3/22/2000
2,Roy,Austin,dorpo@puca.tf,Female,(943) 238-9102,Sube Grove,Amekazje,TN,23893,11/6/1954
3,Verna,French,fikus@gatieco.pr,Female,(249) 965-5716,Madze Loop,Tamkifu,NV,24155,10/11/1959
4,Johanna,McCormick,gah@tegar.tk,Female,(318) 472-5712,Urelin Highway,Zicavag,FL,40899,8/2/1969
5,Ora,Newman,povowa@halonijef.gr,Female,(788) 984-5704,Fekcon Lane,Cavjocu,AR,45411,10/31/1993
6,Florence,Rose,neghi@bivajvuf.mc,Male,(963) 684-9468,Durtob Pike,Lipjugcik,MA,92536,10/8/1992
7,Ada,Ryan,akonikuc@keredjod.ws,Male,(243) 635-7782,Damsi Place,Siibaep,TX,17767,10/18/1984
8,Margaret,Clarke,ozizovbe@afupur.ac,Male,(351) 249-5764,Cuuto Circle,Hebucza,UT,52520,3/25/2001
9,Duane,Bridges,pucumo@obe.lu,Male,(403) 266-1082,Lugi Lane,Puekaac,RI,62853,2/25/1977
10,Jose,Martin,nojkibliw@ho.ky,Male,(914) 577-3564,Voak Point,Eplivwi,MS,20236,8/13/1999
11,Susie,Robbins,we@zu.mh,Female,(644) 741-8496,Meruli Avenue,Duutsap,ME,49237,8/27/1967
12,Timothy,Gonzales,fu@horporki.tj,Male,(608) 230-8412,Ipaki Pass,Mamapi,NJ,64862,4/1/1996
13,Carolyn,Woods,ko@pudbefgeh.co,Female,(355) 221-7997,Digpuw Point,Vigezewi,MD,44529,5/8/1965
14,Blanche,Keller,aso@laet.sz,Female,(577) 838-7875,Ahcab River,Duhvuhlis,AR,23801,3/16/1987
15,Logan,Burns,iv@uwico.as,Male,(272) 278-5219,Icufa Square,Capciseg,AZ,11434,2/27/2001
16,Jay,Allison,it@hu.by,Female,(753) 828-2905,Ewazu Manor,Fauggu,OR,70477,4/14/1975
17,Eva,Estrada,acpi@sul.ax,Male,(278) 737-5844,Rapo Mill,Ujcina,CT,60011,10/4/1976
18,Jane,Cook,madab@gi.mw,Female,(878) 218-1597,Wafwir Key,Dudaci,AK,82850,6/22/1993
19,Mamie,Garza,ofijele@fuavcez.co.uk,Male,(219) 354-9243,Cijhac Plaza,Najuce,AK,12398,6/8/1995
20,Danny,Wood,rik@wil.dk,Male,(888) 368-5915,Kewzu Center,Fezkubu,KY,80458,12/12/1993
21,Luis,Ward,urmukim@nen.tt,Female,(224) 478-8377,Azle Junction,Zavugnid,OR,27504,7/21/2000
22,Jean,Shaw,be@kovaguw.gt,Male,(617) 550-8492,Rusom Heights,Fozfumowu,VT,90000,10/23/1998
23,Lucy,Hines,zo@hujuceho.am,Male,(344) 240-8263,Mepe Pass,Lercige,PA,43829,5/7/1972
24,James,Gross,dit@pic.eh,Female,(941) 377-3522,Gisgep Grove,Ralzakig,NC,36860,8/5/1986
25,Allen,Wood,semone@olhes.bj,Male,(377) 700-9871,Cabo Terrace,Iskoahi,PA,48467,11/18/1981
26,Katherine,Pratt,wikgec@ifpebjuw.su,Female,(230) 788-3657,Emeto Manor,Hakajcup,NE,27892,11/29/2000
27,Bertha,Dean,rur@moibi.vc,Male,(347) 327-9408,Kahet Key,Uvfijjez,DE,9608,8/28/1975
28,Mina,Arnold,edgehi@rutizid.si,Female,(409) 465-7406,Hunat Junction,Sifija,KY,76382,7/5/1994
29,Lida,Foster,gejo@uhupa.mx,Male,(262) 966-4908,Ceteh View,Udahopug,MS,19590,2/27/1989
30,Randall,Pena,fesbodjuj@ni.sn,Female,(380) 412-8095,Cuzeto River,Tojciffo,UT,90594,4/25/1980
31,Angel,May,joghe@ujbised.tt,Female,(250) 605-7937,Rirol Glen,Emualhaw,AR,49810,4/5/1962
32,Violet,Harmon,vipdew@coziw.kp,Female,(552) 230-3304,Baoz Center,Gahmaptuv,NH,69083,11/23/1985
33,Frederick,McBride,zizedzus@lalece.tr,Male,(247) 634-5874,Nohcu Ridge,Zedgesom,TN,27467,8/19/1959
34,Marie,Carlson,uno@jifubfa.bf,Male,(679) 532-9153,Isviz Park,Mifbovwiv,WV,79267,7/11/1972
35,Randy,Holloway,fi@mo.jo,Female,(842) 540-2578,Ozcik Boulevard,Egipaof,RI,16524,2/14/1971
36,Lois,Zimmerman,cintip@nebwedsa.cr,Male,(300) 300-1577,Utnid Turnpike,Wonuviok,GA,10856,1/12/1964
37,Viola,Bell,zogbo@vihun.io,Male,(347) 249-3060,Fimmep Pass,Kudnabeb,MD,51201,12/22/2000
38,Grace,Becker,sawloer@po.bb,Female,(874) 418-5811,Sudkam Circle,Ucwama,TN,3993,5/3/1955
39,Rachel,Hayes,napajobih@zisfad.tr,Male,(206) 202-2117,Reni Place,Suetne,IL,88934,3/5/1996
40,Grace,Jordan,nah@foildu.gt,Female,(386) 712-1650,Kavik Highway,Asopiwtew,IN,89350,1/21/1970
41,Erik,Johnston,gavo@femdedciz.ie,Female,(684) 950-7010,Eruli Place,Mucarsoj,IA,95055,7/27/1989
42,Peter,Hines,ifri@basdur.hu,Male,(854) 937-9165,Suazo Parkway,Lurhamoc,NE,91048,3/30/1961
43,Jeffrey,Spencer,pefi@mo.sz,Male,(631) 573-3167,Luzep Park,Nosabo,ND,15786,7/25/1985
44,Jimmy,Armstrong,uro@cel.ph,Female,(325) 504-2920,Zilat Turnpike,Mikapad,NJ,30922,12/4/1990
45,Lee,Medina,resogaro@jewbose.ki,Male,(227) 632-5522,Kaer River,Rakufap,KS,14434,3/15/1958
46,Luella,Becker,dig@erlezse.dk,Male,(978) 325-8007,Risla Loop,Dowijocu,HI,51918,5/4/1974
47,Sylvia,Gray,owji@ahuac.pt,Male,(889) 294-8440,Vabcot Path,Ugonafip,OK,20199,7/30/1964
48,Phillip,Bates,musilze@wad.tc,Male,(257) 801-5738,Wutodi Square,Tikotga,MS,63400,10/14/1956
49,Rosetta,Chavez,re@rugagu.sj,Male,(560) 531-6258,Saku Turnpike,Cuktucvu,ND,99023,6/18/1954
50,Adele,Perez,efgij@helazkon.tl,Male,(322) 990-5782,Sutrej Highway,Canoges,AR,99538,1/14/1964
51,Luis,Morales,sab@ib.gg,Male,(481) 250-2511,Ojone Park,Vinvuge,IL,65691,11/5/1996
52,Francis,Cummings,nojug@fozieme.com,Male,(319) 531-5020,Wiwi Pass,Wehuvona,CA,10555,1/11/1988
53,Callie,Paul,hivage@odi.mt,Male,(917) 296-2487,Putfa Road,Tacbozar,MN,29750,12/17/1996
54,Ivan,Pena,vanu@mijbotuga.cz,Male,(537) 317-5127,Huadu Court,Dewacto,AL,56875,6/12/1984
55,Lida,Schneider,ras@zuzoh.bm,Male,(911) 491-8793,Tuuka Center,Ijgedlir,AK,61327,11/24/1982
56,Earl,Willis,obibav@mef.mh,Male,(370) 957-5707,Pucir Grove,Jotogzut,MI,48624,2/22/1968
57,Marguerite,Sanchez,maw@tu.bb,Male,(606) 698-6603,Fazsij Road,Lodhodbi,KS,55228,8/8/1963
58,Cory,Phelps,odvon@jejpingo.co.uk,Male,(783) 911-6061,Lemab Avenue,Howuli,NJ,41981,12/26/2000
59,Lelia,Barton,to@inagfaf.ge,Female,(612) 369-7128,Paeta Pass,Tedaer,WI,57727,5/12/1972
60,Dustin,Flores,wasesa@garza.wf,Female,(703) 377-1069,Kega Pike,Buwuhmi,CA,57337,7/21/1982
61,Terry,Franklin,hiz@so.de,Female,(607) 961-5163,Wasir Turnpike,Genecsak,OH,63231,8/8/1974
62,Hallie,Scott,nikgese@in.lr,Female,(602) 712-8949,Ojofu Road,Covebu,NH,7034,7/4/1990
63,Sophie,Potter,wosuh@we.fk,Male,(463) 764-6893,Goron Heights,Ziruvap,MT,85240,5/21/1969
64,Sally,Lucas,ze@hunhe.dm,Female,(474) 446-4828,Rinelo Grove,Cunukfum,NC,69236,4/24/1979
65,Willie,Garrett,majdarwa@ibe.hn,Female,(561) 701-6794,Hosut Extension,Mihizmaz,LA,92203,10/22/1994
66,Raymond,Schmidt,eprut@ifi.mu,Female,(964) 607-7312,Icco Glen,Dajaeca,MD,91933,12/21/1989
67,Darrell,McCoy,tihsiabu@cok.vn,Male,(568) 343-6919,Hove Street,Lerfavu,WA,83027,4/19/1956
68,Lilly,Larson,maomofed@volpidol.ee,Female,(469) 798-2714,Monek Path,Fecurav,TX,6790,4/1/1980
69,Cordelia,Farmer,baga@ermif.uy,Female,(913) 692-6889,Ihtug Heights,Aropamuku,IA,5805,10/12/1984
70,Danny,Vasquez,te@ow.ac,Male,(774) 721-3391,Nufuz Boulevard,Idhigasa,AL,98105,2/6/1984
71,Emma,Page,vad@koet.lb,Female,(709) 241-4210,Wafsez Avenue,Kostuegu,WI,89341,2/26/1978
72,Lucinda,Curtis,tuwbak@gabdigso.cc,Female,(972) 614-7637,Hota Turnpike,Vakumpe,TN,71867,4/7/1971
73,Nora,Manning,ebige@wumas.bo,Male,(777) 423-2625,Uwaus Turnpike,Kukeho,AZ,40019,5/5/1957
74,Sara,Cole,hodmuzmud@gac.com,Male,(677) 491-1989,Kuiju Terrace,Ricuram,HI,33685,3/12/1958
75,Kyle,Fox,tecuvna@fejus.nf,Female,(673) 351-6615,Zarki Point,Vagepu,VT,51183,10/25/1976
76,Dustin,Soto,catsez@imzicbo.sr,Male,(680) 307-3021,Beez View,Apiutkuv,NC,92211,7/10/1955
77,Kathryn,Harrington,rembeku@kazpov.bd,Male,(383) 247-6730,Dapfun Terrace,Jonkiwfim,MA,31288,4/6/1993
78,Bruce,Aguilar,ruleke@mo.bd,Female,(287) 835-7378,Aletaf Loop,Miwosuv,PA,9925,10/6/1973
79,Rena,Hardy,kuk@amu.cg,Male,(835) 263-3803,Kice Extension,Lujogovuc,NY,6839,5/5/1961
80,Callie,Colon,awu@lopokfa.bf,Male,(908) 350-8584,Agjav Glen,Uzetacse,WA,8312,12/5/1968
81,Alma,Joseph,rafaz@ki.ax,Female,(788) 239-1941,Ebbo Square,Ladonja,IL,28339,10/18/1954
82,Loretta,Salazar,huwjac@baehape.ar,Female,(312) 856-8370,Balsa Center,Dibofut,MS,35251,9/6/1971
83,Sam,Simpson,ideaza@riatwu.im,Male,(757) 589-2486,Rugwib River,Camiif,VA,29419,1/25/1970
84,Susan,Mason,ezzim@diilo.bq,Female,(207) 459-1901,Dockod Grove,Raledehuz,IL,82051,3/2/1960
85,Eugenia,Flowers,faw@das.mc,Male,(772) 891-8967,Soole Key,Kopufut,MT,2405,4/10/1987
86,Eric,Jensen,fusiz@fehraror.pe,Female,(962) 380-4004,Cibke Trail,Mihjaco,CT,49802,8/5/1955
87,Susan,Sanders,si@irdaluj.td,Female,(771) 888-5429,Nuis Glen,Saczodam,HI,7284,6/19/1984
88,Lou,Byrd,wicgonwew@kakrubdiz.pe,Male,(825) 486-2524,Seot Avenue,Naszaeto,AR,73786,12/26/1994
89,Ethan,Todd,la@ok.iq,Female,(533) 859-5906,Upja Turnpike,Gajewuj,CA,3013,1/22/1989
90,Garrett,Richards,sejomdo@uwanucfe.lc,Male,(888) 292-2331,Lugat Lane,Tovovik,FL,22794,3/11/1968
91,Raymond,Anderson,adajomez@discugju.aw,Female,(584) 744-8320,Tezusu Center,Fanesba,DE,58245,12/26/1997
92,Philip,Schneider,avapul@wu.com,Female,(468) 383-2409,Lofgar Extension,Jusvieni,VT,98875,1/24/1982
93,Beatrice,Burton,tune@jobi.uz,Female,(245) 311-7538,Okeula Extension,Emolediv,AR,13934,2/17/1994
94,Sylvia,Santos,vah@gi.ly,Female,(534) 564-6878,Guhi Heights,Ukarizte,MT,49445,5/20/1962
95,Bertie,Bryant,gij@jafivet.tr,Female,(955) 355-1410,Ujtac Square,Obbujegi,SC,17370,9/3/1967
96,Allen,Carter,jut@duis.mv,Female,(274) 602-1725,Rubcop Heights,Irmifnam,MA,14903,7/30/1977
97,Jack,Malone,miv@piluvib.kw,Female,(252) 910-2920,Rehu Square,Awamohov,RI,76556,4/26/1981
98,Lucile,Rhodes,morek@momdat.ge,Female,(629) 238-6614,Huhni Pass,Zajocak,AL,20453,2/11/1969
99,Marguerite,Figueroa,ip@ujuuholej.fk,Female,(681) 884-6346,Vahbo Road,Winuteir,NC,25629,3/18/1974
100,Chase,Carlson,mupvawig@pinevoja.cc,Male,(683) 747-5139,Nowjul View,Vaafutej,ID,52460,4/20/1972
101,Nelle,Martinez,iw@ner.sb,Female,(735) 502-3109,Tuhfot Extension,Ujaonca,ME,75071,6/10/1966
102,Lina,Howell,mugteus@tieg.tr,Male,(528) 287-9531,Puog Park,Ikowbek,FL,99731,6/24/1993
103,Warren,Myers,pukvoav@ufi.jp,Male,(671) 591-2769,Likma Grove,Odwordi,GA,98518,8/8/1988
104,Steven,Gross,mah@kulkabow.do,Male,(602) 674-1007,Femto Pike,Luzohcez,IN,11969,4/2/1967
105,Gerald,Green,ojewi@toke.bw,Female,(336) 436-1051,Como View,Horliez,AZ,38132,1/25/1987
106,Isaac,Jensen,upedidne@ulna.cf,Male,(934) 873-1293,Suaf Boulevard,Kulufa,OH,64544,7/23/1995
107,Chester,Bryant,padub@toz.td,Female,(910) 207-6296,Udnah Pike,Hawlalu,OK,64357,10/17/1963
108,Marie,Briggs,cife@sej.tf,Female,(258) 480-3906,Nucuk View,Nekgalho,DC,89504,12/25/1991
109,Ricardo,Delgado,ektehas@masipid.om,Male,(950) 997-3798,Toni Extension,Obbozuh,AL,90449,9/8/1985
110,Louise,Gomez,az@gawkac.gd,Male,(889) 769-2993,Suwe Road,Guusuha,CA,17419,3/5/1957
111,Minerva,Doyle,gif@da.ca,Male,(242) 813-2813,Cedas Trail,Buswodaj,NM,67771,4/2/1995
112,Luke,Erickson,onenibiko@la.pl,Male,(404) 834-9941,Lovah Highway,Feegri,KY,49614,1/12/1994
113,Lucille,Maldonado,vimpovic@ji.mk,Male,(543) 673-4153,Wuwnoj Way,Rejlenvi,PA,48135,1/14/1963
114,Florence,Montgomery,puv@badarje.ca,Female,(861) 635-6742,Rehpo Road,Ogoaduzu,ME,84059,2/10/1999
115,Glenn,Mann,we@hillok.ir,Male,(362) 856-9457,Adaiwa River,Dugihag,AK,25489,3/10/1958
116,Aaron,Wilson,beloja@wafab.mp,Female,(235) 691-5221,Kazzot Path,Puhitkeh,TN,75887,11/23/1979
117,Laura,Pearson,iv@zakiba.as,Female,(201) 862-7054,Lidiba Point,Zikuvdev,DE,38583,11/20/1954
118,Justin,Armstrong,naci@atuohugij.af,Male,(967) 957-9604,Kewa River,Rakemru,OH,86329,1/21/1958
119,Brent,Frazier,zijor@sar.id,Male,(968) 737-1402,Tije Ridge,Papaswoc,VT,69818,6/1/1996
120,Frederick,Hardy,rozalej@efukeg.bn,Male,(565) 522-9629,Niljo Point,Tigzine,SD,27348,7/21/1975
121,Adam,Howell,uk@zetfavim.eh,Female,(377) 904-7011,Ipdu Loop,Cumvumbed,ME,66347,9/26/1977
122,Gregory,McDaniel,siwkac@miv.cv,Male,(506) 727-7959,Heecu Circle,Mefoga,OR,14815,1/5/1956
123,Martha,Gill,badri@moufu.mw,Male,(579) 947-9639,Mirhop Drive,Nipruori,CT,88357,6/30/1996
124,Wayne,Daniels,ka@zo.cr,Male,(376) 746-2394,Geot Point,Pihefiw,MD,95858,10/31/1960
125,Brent,Brady,lismon@wac.bg,Female,(969) 574-6413,Newese Glen,Pojpitno,WI,25509,4/5/1995
126,Dollie,Torres,lanir@affibu.io,Female,(848) 456-4234,Nuneg Lane,Jetudime,LA,35327,10/16/1989
127,Troy,Goodman,woovu@opedi.bg,Female,(453) 407-2987,Supje Court,Tudbejsu,WY,14697,12/4/1963
128,Ruby,Hawkins,sos@if.ir,Male,(270) 794-4847,Zube Glen,Waafolup,CO,76801,7/27/1965
129,Pauline,Ross,heivko@rejuop.cr,Male,(254) 618-7746,Ufro Manor,Nejuswe,GA,5370,4/17/1989
130,Joe,Jacobs,po@kogsogvod.nz,Female,(613) 540-4181,Lebni Key,Ugaejcu,AL,86199,6/7/1954
131,Mina,Roberts,eclotagi@top.il,Female,(281) 761-9748,Awezej River,Cacugok,DC,18319,10/5/1972
132,Mayme,McGee,guzapu@zonino.fj,Female,(532) 959-4320,Hubbo Mill,Ohiblet,MD,19012,8/10/1972
133,Rena,Bell,ca@gal.la,Male,(438) 750-2653,Tinad Center,Nizefuma,CA,12904,7/14/1997
134,Evelyn,Adams,dendupin@uzodotame.co,Male,(774) 340-2764,Ramre Street,Hocihibu,DE,51516,11/6/1967
135,Randall,Chavez,riz@hobetno.mc,Female,(257) 959-2772,Upije Ridge,Hebvotak,KS,69858,1/3/1958
136,Essie,Blake,numi@bej.pt,Female,(285) 618-8477,Beam Key,Sugcopzof,DC,46107,10/18/1989
137,Blake,Owens,sij@defodu.ee,Female,(972) 646-4854,Ficif Drive,Geanalet,KY,43999,11/2/1974
138,Adeline,Morales,ju@obatet.al,Female,(469) 254-4939,Dadid River,Zelmurbit,WV,20728,10/23/1958
139,Violet,Little,ukuru@gig.gr,Female,(388) 474-7403,Hompa Plaza,Jogarokam,MN,72877,6/6/1963
140,Agnes,Zimmerman,zusdam@ip.edu,Male,(981) 982-9045,Zahcom Ridge,Sobliti,AK,85833,9/17/1972
141,Ethan,Estrada,owe@rache.sz,Female,(441) 898-1984,Viscev Avenue,Hakguwa,NC,66253,8/12/1999
142,Tommy,Roberson,bocpid@awejo.td,Male,(528) 405-6248,Akaleb Heights,Zegdefa,TN,4847,4/22/1988
143,Sue,Obrien,adgij@rofcok.lr,Female,(774) 740-6581,Sosfej Circle,Rargophuf,TX,77953,3/25/1993
144,Franklin,White,arofa@hibuveku.qa,Female,(814) 430-7843,Zeri River,Uheumsi,KS,21698,10/21/1970
145,Sam,Moran,itofawe@eh.bq,Female,(200) 654-6150,Hijzuf Trail,Ivrelpaj,AZ,38262,6/30/1984
146,Adrian,Nash,foj@modaznak.do,Male,(582) 332-7196,Wiwra Square,Iplofe,IL,24997,7/9/1985
147,Georgia,Crawford,oglup@usdu.bw,Female,(200) 730-4525,Dojofe Loop,Ralijadu,AZ,76425,7/2/1985
148,Rose,Wallace,wa@beved.tr,Female,(482) 879-4737,Ginvej Road,Huszobo,ME,11707,9/9/1999
149,Minnie,Henderson,zasut@lumis.pf,Male,(976) 985-7282,Lubuf Avenue,Migaznul,MT,12854,9/23/1955
150,Grace,Palmer,le@jecjied.hk,Female,(356) 502-7896,Pewem Terrace,Jivohi,IN,63331,6/15/1983
151,Earl,Bennett,watagpum@ejowigew.tn,Male,(337) 911-2930,Fela Key,Diazovaj,MI,47662,4/14/1982
152,Marvin,Townsend,re@pe.eh,Male,(888) 705-1282,Pipca Glen,Teellak,NY,87424,5/29/2001
153,Craig,Brooks,kosvik@ga.gn,Male,(986) 415-2421,Funli Place,Upomobtop,IL,55547,9/12/1980
154,Adam,Oliver,aju@se.ky,Male,(941) 736-9713,Poswa Pass,Becabim,IN,75141,4/28/1984
155,Christopher,Chavez,dirodofow@pid.cl,Female,(226) 430-7914,Rektoj Trail,Anahiize,ND,4982,4/27/1973
156,Mable,Rodriquez,izla@jidoj.eh,Male,(671) 609-2447,Zile Ridge,Sallohma,CO,85890,5/22/1992
157,Andre,Blake,foet@mah.ch,Male,(349) 375-2568,Jole Grove,Zobuvumod,RI,46733,2/26/1980
158,Mason,Daniel,aco@idimohjip.su,Male,(345) 375-5156,Tuhef Pike,Sulejmo,MT,80002,4/26/1978
159,Robert,Hart,gej@suugce.tc,Male,(775) 646-2066,Tezas Place,Ciuzopov,NE,47760,5/10/1965
160,Violet,Hunter,zelij@ruruvifi.kp,Male,(220) 501-6986,Emhul Turnpike,Wiziuk,MN,69479,10/15/1997
161,Billy,Curry,vegtos@ahidpu.ls,Female,(813) 505-7831,Sagmih Parkway,Epejojbif,TX,30891,11/17/2001
162,Christina,Stone,vakapi@nir.sc,Female,(924) 943-4750,Biget Drive,Fihhifla,AR,35057,2/4/1991
163,Leah,Chambers,fo@usorek.fi,Female,(632) 916-4932,Dunwu Court,Hulweiz,AL,38182,8/29/1956
164,Hannah,McGuire,tiolrut@tem.st,Female,(512) 892-5824,Baaj Road,Sumepas,PA,82757,2/20/1974
165,Rebecca,Gibson,te@ufuvituj.af,Male,(677) 853-9808,Vuzi Boulevard,Vewsuhil,AL,83987,11/18/1987
166,Olivia,Goodwin,bos@bofasoc.kz,Male,(789) 871-5557,Jule View,Nadvafa,TN,13308,7/17/1989
167,Violet,Poole,nuaj@rapov.mg,Female,(216) 892-8849,Rufcom Key,Avajajun,TN,22552,3/18/1979
168,Ricardo,Jordan,rotpivgo@inapub.ec,Male,(609) 872-1164,Huwe Heights,Lufmeenu,LA,7955,10/4/1962
169,Larry,Collier,pelra@mecvup.tn,Male,(485) 912-9736,Takuz Terrace,Eckojebo,DE,58647,7/4/1996
170,Peter,Caldwell,kan@kedsawoh.mo,Female,(684) 903-9537,Solobu Point,Satdado,IN,44309,4/6/1995
171,Henry,Keller,anufis@limtipu.pk,Female,(734) 877-9224,Jervus Court,Zempera,PA,40468,10/31/1972
172,Cecelia,Wilkerson,ni@hak.mz,Male,(608) 600-2621,Kuzu Pike,Wocvebduj,CT,86350,6/29/1991
173,Wesley,McLaughlin,wuufi@uge.kw,Female,(453) 886-2999,Utne Parkway,Kafehdi,CA,93012,9/25/1978
174,Tom,Blair,cipaal@dimujas.mr,Male,(575) 383-9388,Jugha Square,Vanauza,DC,13990,5/9/1983
175,Raymond,Caldwell,he@dares.sv,Female,(477) 740-8947,Kaaza Grove,Zejnigun,NM,68230,4/8/1960
176,Louisa,Mason,lonu@vuofho.uy,Male,(775) 605-1938,Akecek Key,Icopicot,NV,21762,1/20/1986
177,Bernice,Hart,jolazgu@vuv.ug,Female,(712) 826-4911,Sisvuw Manor,Beduszo,CA,12010,9/17/1984
178,Maria,James,ino@lot.us,Male,(870) 340-9649,Jamza Manor,Zurzuaf,AZ,40712,11/2/1957
179,Effie,Griffith,wig@kusjor.ck,Female,(859) 307-7678,Obpa Trail,Jaceleh,MN,40657,6/6/1990
180,David,Rhodes,susdo@bogus.bo,Male,(779) 676-7823,Fassed Key,Bisefet,MO,43852,9/18/1971
181,Claudia,Townsend,lobiure@agi.sx,Female,(552) 964-2914,Sulad Turnpike,Rowemher,AL,77588,6/29/1967
182,John,Jenkins,potil@wib.je,Female,(403) 513-8174,Jihof Path,Halofaj,NH,72811,6/15/1960
183,Jackson,Obrien,pobhohso@sewtew.tc,Female,(861) 359-2013,Bica Boulevard,Zidari,IN,30088,2/5/1966
184,Jordan,Becker,nuteoke@pircop.fo,Female,(371) 279-8670,Efhi Extension,Cuadbe,ND,53175,2/15/1994
185,Charlotte,Nguyen,patazo@ipo.gy,Male,(722) 501-9232,Gusaz Center,Ipapojjan,MA,90117,9/9/1981
186,Ollie,Richardson,etwi@ju.uz,Female,(335) 451-4427,Bone Highway,Tefumal,AL,64548,10/3/1956
187,Marguerite,Allen,kaklirifi@cufu.ua,Male,(748) 238-1717,Bedo Mill,Womahaz,SD,20976,3/6/1998
188,Angel,Myers,mupzinah@juhi.lv,Female,(783) 254-8802,Ulfeh Point,Nijedpe,AR,53520,8/20/1977
189,Susie,Marshall,li@vow.vc,Male,(718) 381-9911,Nezo Lane,Avuutse,TX,59219,3/19/1978
190,Ray,Wade,adeisudof@kop.ms,Male,(966) 418-2997,Givwuv Grove,Lihobu,NC,4916,4/5/1993
191,Jared,Curry,atosar@bim.pk,Female,(664) 394-7224,Pikku Center,Olamizo,TN,91000,4/24/1991
192,Celia,Johnston,dodjuc@kiifda.kw,Female,(545) 890-9388,Cirzo Lane,Wamejelo,OK,74617,3/9/1980
193,Jerome,Rowe,wic@ka.io,Male,(301) 447-6332,Zije Lane,Nodojnih,UT,60020,1/28/1977
194,Darrell,Carson,borse@hakocin.gl,Female,(563) 439-6827,Eczuf Park,Gagfowej,PA,79885,6/26/1956
195,Myra,Terry,monnotzuv@lagnaw.bh,Female,(820) 283-8102,Mucki Key,Vuwegu,ND,78477,12/20/1973
196,Gussie,Joseph,biditi@ozpiot.sa,Female,(525) 973-6010,Coab Parkway,Colvukuj,WV,30460,12/19/1995
197,Sadie,Carson,rebtowje@zet.su,Male,(353) 402-5356,Gitiv Road,Irifavge,WA,5926,3/25/1985
198,Philip,Gross,tesiwopi@cuz.bi,Male,(741) 456-7794,Osije Circle,Solgingem,PA,81919,9/18/2000
199,Phoebe,Cross,onpudar@duruhine.uy,Male,(563) 264-2067,Konvi Parkway,Kootpuj,AK,84865,4/19/1976
200,Cole,Ellis,zoh@casutec.ki,Female,(467) 382-8318,Ruzo Turnpike,Luimavi,MT,98054,11/20/1957
201,Carolyn,Duncan,lob@dijteac.gn,Male,(481) 810-1138,Atdo Trail,Pebgopdu,IL,20573,11/14/1963
202,Clayton,Kim,zemova@devan.az,Female,(462) 477-9311,Bivkag Manor,Radujfa,NJ,93605,2/3/1977
203,Alta,Burke,atabe@rur.ua,Female,(820) 461-5127,Weghur Mill,Nufijbu,MA,62372,7/24/1958
204,Blanche,Diaz,budu@ovmanso.es,Male,(965) 258-8013,Wasok Square,Hamjina,NJ,23871,7/12/1991
205,Pauline,Murphy,aw@wojovco.by,Female,(404) 520-2285,Ovedo Highway,Etizeela,NH,33160,7/31/1963
206,Pearl,Butler,nomol@nevbar.bw,Female,(742) 700-5755,Giepu Drive,Zadumrul,PA,92416,1/4/1994
207,Warren,Walters,hunot@pekti.my,Male,(307) 956-4547,Rimu Park,Fupaef,KY,45930,4/21/1996
208,Ryan,Kelly,uv@mi.nu,Male,(805) 242-6511,Obmun Lane,Lerzinlar,NJ,4369,9/5/1994
209,Howard,Dixon,gis@jeusamo.lk,Female,(268) 900-9314,Segu Place,Biosakes,IA,86141,8/4/1983
210,Charles,Paul,we@vuw.er,Female,(675) 929-2759,Awewu River,Kulmeji,PA,78909,3/15/1961
211,Trevor,Higgins,feba@cot.cn,Female,(757) 510-8263,Varu Manor,Dagetad,DC,96390,4/27/1975
212,Clyde,Griffith,ebhejcuj@ar.ar,Female,(324) 397-9302,Loba View,Momiad,GA,10692,5/31/1995
213,Bryan,Tyler,fadi@zafkakcep.ss,Male,(343) 858-9329,Santo Plaza,Almekad,KY,99028,10/2/1988
214,Landon,Santos,awofi@as.jm,Female,(712) 427-5272,Josiv Ridge,Zevsufiso,WI,47389,3/28/1958
215,Adele,Day,fokfadif@nenkactam.gw,Female,(627) 698-1132,Hebfa Turnpike,Jehfajbu,MI,21322,5/24/1981
216,Samuel,McGee,rebsale@tu.pn,Female,(232) 268-9440,Jigov Court,Sarabmov,GA,53068,10/15/1963
217,Don,Todd,ja@zem.mk,Male,(659) 221-6564,Hugje Park,Realonev,IL,23806,12/1/1975
218,Wesley,Frank,cuzilgol@wed.cu,Female,(549) 205-7072,Abiaj Park,Mucmapros,VT,79460,12/23/1983
219,Edith,Hansen,vi@her.gh,Female,(731) 813-4994,Iwipe Highway,Zokdefrot,CA,82956,2/20/1959
220,Mason,Flowers,no@uv.gi,Female,(739) 973-5605,Mabe Road,Amewja,MS,86114,6/30/1957
221,Stephen,Foster,migticu@mev.sb,Male,(659) 315-7660,Guul Grove,Haivze,AR,18399,10/15/1963
222,Estella,Frank,ita@metogged.kp,Female,(206) 623-5968,Maiji Center,Dictifu,CO,78960,10/4/1972
223,Jessie,Smith,ka@dek.mm,Female,(441) 468-3763,Cero Street,Etgice,GA,89592,4/10/1990
224,Francis,Norton,mik@dan.pl,Male,(963) 238-5465,Uskap Mill,Jumisdoz,NE,4973,10/13/1963
225,Alta,Cook,ge@mihholmal.se,Female,(339) 531-9283,Finez Center,Rivjubref,OK,98023,11/24/1965
226,Jon,Morrison,zi@pimki.kw,Female,(928) 783-9337,Hegzuc Parkway,Reenlep,SD,16833,5/13/1982
227,James,Pope,neh@uso.tg,Female,(379) 964-9348,Wicrol Trail,Ipolku,AR,44101,1/20/1972
228,Rhoda,Anderson,udsina@mob.de,Female,(373) 682-2475,Onuto Circle,Ozedektol,OR,60939,3/11/1969
229,Charles,Joseph,bukfij@ese.ck,Female,(467) 811-5908,Huve Grove,Opzila,SC,37429,4/18/1979
230,Mason,Norman,nogurbeh@zonu.mm,Male,(458) 206-1806,Deka Parkway,Tafocipi,MA,61337,6/19/1971
231,Lida,Watts,feukumin@mal.mw,Male,(571) 366-8474,Taaj Plaza,Wifegi,WV,27015,11/1/1986
232,Fred,Blake,asa@fi.cn,Male,(268) 826-2405,Gumu Plaza,Omomasoc,DE,64679,2/17/1977
233,Ida,Underwood,esezuw@ili.dj,Male,(529) 745-4622,Noszab Manor,Zidarzu,KS,33097,4/8/1991
234,Lula,Stevens,tipni@camkad.mn,Male,(278) 643-1324,Kupvo Key,Vepefram,NE,50285,9/3/1985
235,Isaac,Hudson,nidiezo@vavopus.et,Male,(637) 571-2183,Lotnag Boulevard,Opguavi,ID,98141,6/9/2000
236,Fanny,Riley,racuif@idma.mh,Male,(270) 531-2400,Bojhe Way,Rugesubi,NH,28528,2/27/1965
237,Nancy,Guerrero,nujwod@jaok.ba,Male,(711) 294-4392,Inkav Key,Fiuzoliz,NC,31889,2/26/1954
238,Laura,Miller,bejfaweb@tuwejpa.pk,Male,(459) 692-6911,Jorew Grove,Cozcizla,MI,15658,6/12/1963
239,Brian,Horton,ko@ehikek.gq,Male,(820) 908-1040,Iliwo Court,Pavciva,TN,46858,9/2/1988
240,Carl,Malone,zuhultob@ecuru.sn,Female,(725) 461-3802,Tumru Point,Pipafwug,OK,8043,1/17/1971
241,Frances,Rivera,muhji@narbatup.dk,Male,(600) 858-7092,Ukihuk Glen,Cesadaas,DC,3121,5/14/1980
242,Frank,Horton,ruvumeg@nudak.ht,Male,(555) 374-6175,Akiz Plaza,Serewrog,WI,43521,5/28/1974
243,Anthony,Gonzalez,haekaju@jukuguf.pw,Male,(546) 804-8578,Vovnuz Manor,Joncezo,DE,67108,4/16/1982
244,Beulah,Herrera,lo@kottubato.ps,Male,(533) 557-8946,Ewpo Point,Oriduci,MS,32137,11/27/1962
245,Robert,Vargas,vu@il.th,Male,(212) 857-3703,Acoja Center,Macbumi,ME,7623,9/9/1996
246,Sophie,Burton,fakubzev@raow.pw,Male,(714) 999-4591,Bihon Square,Apkiwvoz,NC,42167,7/11/1966
247,Alan,Reyes,si@cowtab.pt,Female,(218) 782-5816,Gudra Turnpike,Okviig,IN,98895,9/10/1965
248,Jared,McGuire,cabofu@id.my,Male,(806) 390-3661,Lokjag Junction,Kapezgub,WY,13093,4/7/1978
249,Stephen,Estrada,sev@ki.eu,Female,(264) 263-5349,Cocrab River,Enhirzi,TX,21307,1/8/1995
250,Manuel,Washington,zaumlor@meosha.pe,Male,(534) 270-8683,Roko Plaza,Ecritef,DE,47315,8/26/1965
251,Sean,Washington,kef@jesi.ru,Female,(322) 350-1019,Pijud Plaza,Dekluhab,TN,80742,4/6/1971
252,Irene,Chambers,bisgod@du.sc,Female,(500) 510-2784,Zigoki Way,Miwiro,NE,39977,12/1/1993
253,Della,Christensen,dogafzo@wokada.uk,Male,(878) 311-6722,Pewtij Point,Zizwepu,WA,32298,1/13/1992
254,Katherine,Marsh,odu@ruddek.kh,Male,(709) 306-3647,Fihov Boulevard,Riwipfes,OH,77737,10/23/1992
255,Marvin,Cain,zuvaw@bib.ac,Male,(537) 895-4872,Abekum Road,Kigagzo,RI,61360,3/16/1972
256,Brett,Banks,elfogag@ziemha.ve,Female,(366) 770-8124,Wesow Grove,Wikupede,DE,47670,9/12/1961
257,Jeremiah,Holt,mas@dujadub.mn,Male,(543) 393-6749,Bidwo Heights,Rohooj,UT,2667,10/16/1976
258,Max,Casey,la@rof.gt,Female,(863) 550-7594,Cobiwi Manor,Kefnehet,MI,13293,3/4/1963
259,Ralph,Phillips,sar@doznefda.tt,Male,(463) 705-3872,Jusim Drive,Luptadam,FL,65479,12/10/1992
260,Lou,Morton,jenikaha@sehuv.ke,Male,(200) 316-6440,Jarwag Square,Upfibpo,AR,19941,6/26/2000
261,Bernard,Goodwin,riw@owunal.gov,Male,(620) 552-6843,Fieja Lane,Porivro,SC,37,6/6/1972
262,Addie,Lucas,gelzivse@simese.ke,Male,(958) 498-2789,Ziuca Key,Tokdulube,KY,1861,1/13/1995
263,Micheal,Padilla,il@izacugiw.id,Male,(643) 520-8660,Vimwaw Ridge,Hevemak,CO,57319,8/30/1965
264,Donald,Dawson,la@vitcul.ba,Female,(315) 219-3729,Muwlak Circle,Unuruzze,OK,60638,9/26/1974
265,Rena,Bennett,gezkes@sigogoze.gp,Female,(486) 315-8230,Uzlu Court,Mozeccaz,MN,4963,1/17/1989
266,Edna,Foster,tuw@ta.sm,Male,(900) 968-2121,Jipa Loop,Dapvizdis,AR,46908,10/29/1982
267,Jane,Kelly,daku@gemnuvi.sl,Female,(805) 642-6576,Cuko Drive,Emebaos,TN,472,7/3/1982
268,Mabel,Little,icu@uzfafguj.sd,Male,(533) 565-9972,Jofkuj Path,Sehfiwzuv,AZ,48717,9/27/1961
269,Clyde,Harmon,eterezpum@sadbej.do,Female,(351) 625-6538,Sihuz Drive,Unlapuh,OH,39660,4/12/1988
270,Leona,Austin,wumra@rionhaj.ni,Female,(504) 402-8467,Enpuk Glen,Miegaek,GA,82867,8/29/1993
271,Adam,Ross,piggut@vi.io,Male,(702) 534-5906,Ohjog River,Rugisaacu,CT,27494,7/7/1974
272,Jordan,Woods,lac@un.gl,Female,(935) 675-5889,Suvo Junction,Vahecico,PA,43052,3/30/1986
273,Beulah,Brewer,edi@guclocsa.jo,Female,(436) 461-8616,Beje Turnpike,Datiahe,SD,59297,6/10/1991
274,Mabel,Pope,juzub@wulheku.bi,Male,(331) 929-3695,Ufve Square,Jivuav,MI,85488,10/30/1988
275,Ricky,Porter,pu@rekizale.net,Male,(951) 550-1088,Enanu Pass,Jumkisef,IA,7076,5/23/1963
276,Adele,Robertson,nocujfuc@ijopo.io,Female,(455) 456-3062,Hihok Parkway,Safjalul,IN,12796,3/29/1971
277,Phoebe,Copeland,tuw@radiz.ph,Female,(637) 379-5397,Wuhde Trail,Fibbezni,IA,9941,1/2/1954
278,Julia,Chandler,guvil@cuksidbu.pe,Male,(444) 888-6269,Loslud Pike,Notulocop,NM,55607,2/10/1999
279,Roy,Morgan,vadiji@nudkucol.mh,Female,(470) 891-5208,Ticim Park,Odpuib,HI,19831,6/21/1976
280,Chris,Riley,pob@igcit.ht,Female,(616) 343-9992,Sunel Pike,Gobkahcop,PA,75704,5/26/1986
281,Lester,Erickson,dowoj@zeb.vu,Male,(610) 802-6341,Pahro Street,Wunuwfad,UT,75308,1/24/1959
282,Christine,Miles,rurijem@heg.mg,Male,(346) 423-1857,Abeac Glen,Cimvukok,MN,41187,3/22/1968
283,Fanny,Sharp,pag@ba.lr,Female,(677) 669-8145,Buce Trail,Fahoki,DC,26222,2/15/1974
284,Lucille,Allison,vavcahnam@curo.sc,Female,(619) 931-7249,Wohji Square,Nibiwob,AZ,43648,1/27/1971
285,Brandon,Valdez,nojlane@be.kg,Male,(653) 722-1438,Jerow Turnpike,Bergusa,UT,49322,5/19/2001
286,Rosalie,Fletcher,umaecu@wivnatfo.eg,Female,(378) 846-7031,Ahor Junction,Bemloli,NM,36996,11/12/1971
287,Ricardo,Adams,jimaer@origeva.tr,Female,(223) 785-4249,Kurmef Boulevard,Goniboru,PA,77731,12/4/1970
288,Gilbert,Casey,homovwe@diwegi.se,Male,(882) 356-6439,Lera Place,Vopoce,CA,35926,4/11/1990
289,Lelia,Jensen,mez@cuc.cu,Female,(565) 253-2763,Idbe Terrace,Udnudi,NE,94779,2/1/1977
290,Raymond,Nash,ze@up.cc,Female,(950) 778-7910,Majge Point,Hienaho,ME,9588,6/4/1957
291,Willie,Morris,hiw@taci.rs,Female,(688) 628-2793,Urehi Center,Wewugukop,MO,90303,10/27/1998
292,Thomas,Castillo,nipul@cifutfe.tc,Female,(976) 659-3917,Bapig Grove,Nagirwi,OH,40671,2/21/1989
293,Kevin,Marshall,huf@delpicu.am,Female,(657) 561-9857,Gukko Point,Rerivwok,CO,98695,4/17/1996
294,Thomas,Bryant,ma@ififo.io,Female,(223) 626-4851,Gijut Place,Saputo,MD,3594,12/1/1982
295,Lena,Quinn,negfove@gas.cv,Female,(711) 521-1394,Toij Pass,Duphano,NM,23975,2/8/1959
296,Lucinda,Marshall,poketom@ic.ar,Male,(309) 600-6709,Miaf Manor,Odumuasu,MO,43057,4/1/1989
297,Warren,Robbins,hobra@tusavo.tg,Female,(229) 611-9004,Faga View,Meguvlu,NH,19782,10/18/1980
298,Leonard,Myers,zipavil@nuumobod.bj,Female,(460) 522-1517,Ifdi Path,Likima,KS,55633,8/9/1991
299,Brandon,Frazier,edafemeb@ad.iq,Female,(388) 632-9413,Bidod Junction,Luibeano,CA,24559,2/2/1980
300,Kyle,Reid,egwokij@kakac.af,Male,(253) 549-7457,Gapsin Way,Fokukik,CT,51611,10/23/1957
301,Phillip,Carroll,wu@ezcotvem.ro,Female,(606) 787-9352,Sukhe Ridge,Fasormak,CA,77013,9/21/1980
302,Cornelia,Walters,fotfu@tu.ki,Male,(600) 962-3922,Leki Junction,Majatgun,AL,18343,5/15/1989
303,Adele,Meyer,ilru@ko.yt,Female,(527) 802-7876,Tujoj Ridge,Ojowukaz,CA,20993,3/28/1972
304,Genevieve,Spencer,wuci@sagi.ug,Male,(882) 591-7615,Odumow Mill,Disopov,RI,23305,2/2/1957
305,Lou,Fowler,eri@luesret.mu,Female,(215) 239-7980,Ovumin Key,Ziupji,KY,68614,5/5/1957
306,Samuel,Rhodes,sa@cos.tg,Male,(545) 805-6815,Jache View,Aperori,WV,40366,1/24/1998
307,Edgar,Hunt,hiwitga@ofo.aq,Female,(534) 894-3100,Kulow Pike,Ujfeuz,IL,71674,7/7/1962
308,Allie,Bass,jita@ro.aw,Male,(337) 771-2823,Legaw Plaza,Ofuzoca,LA,82329,3/15/2000
309,George,Patterson,wipadaja@jujmo.am,Female,(283) 527-3992,Jufrov Parkway,Dittujdez,NE,64449,5/27/1980
310,Myrtle,Nash,guc@caz.gb,Male,(570) 871-1235,Wilan Junction,Wovnenec,AZ,4121,1/5/1955
311,Mitchell,Banks,az@zobbi.ps,Male,(533) 261-4951,Ofuuv Manor,Fohkiwo,OK,31469,7/25/1983
312,Adrian,Cortez,si@butasjar.cl,Male,(580) 471-4768,Faazo Place,Woavvah,SD,60685,3/9/1990
313,Gussie,Wallace,fuca@cil.sg,Female,(555) 903-9589,Wagme Ridge,Wiovba,NJ,51379,12/7/1988
314,Jesus,Nunez,ufiageju@jo.gg,Male,(565) 429-5092,Ecped Circle,Wipawod,FL,9298,10/22/1959
315,Gordon,Griffith,pi@dezses.ec,Male,(935) 812-9534,Jafo Glen,Pipcoec,MO,72716,1/23/1988
316,Logan,Bridges,kizti@cacam.fo,Male,(869) 756-9028,Oligib Way,Iragole,NM,53223,12/7/2001
317,Donald,Wade,rurlu@kocep.cf,Female,(210) 240-9769,Kinwir Key,Wewwizil,NJ,99176,5/3/1954
318,Craig,Hammond,mebol@vi.sk,Female,(824) 925-5037,Iphe Mill,Kefmazu,OK,25962,3/13/1970
319,Isabel,Hicks,pulzo@irfevtu.bz,Male,(462) 519-3492,Tefpu Mill,Tazpugev,DE,22092,7/11/1974
320,Katherine,Pittman,lomaabi@jip.sd,Female,(655) 237-7391,Cowvu Extension,Bamivi,OR,70143,10/26/1990
321,Glenn,Glover,ajwo@pawgaje.nf,Male,(855) 426-3651,Izegu Trail,Hucowwad,NC,63738,8/11/1984
322,Carrie,Wallace,teku@edapokmu.se,Male,(668) 558-3689,Lulep Point,Hegvegob,KS,84763,10/31/1976
323,Benjamin,Rice,uropodziz@ba.ye,Female,(589) 463-2851,Igebuk Parkway,Tiwumif,VA,58406,10/5/1981
324,Henry,Owens,ragenfo@womgihpib.gw,Male,(477) 629-8830,Onofu Boulevard,Tupuid,OR,50724,10/11/1991
325,Glenn,Mason,hacfakba@uggol.pk,Male,(588) 417-2410,Kimnez Extension,Mipulze,NC,71700,6/1/1973
326,Max,Ellis,kalo@obatesuno.je,Male,(631) 963-2046,Deso Way,Vasonac,DE,2071,8/29/1956
327,Jayden,Bass,weewgur@le.ai,Female,(480) 454-8322,Gufme Way,Orofiuwe,CA,80222,6/22/1982
328,Rena,Reeves,kun@satni.ag,Male,(968) 624-8518,Feego Plaza,Ifetussa,KS,59666,3/23/1995
329,Jacob,Murray,ser@uco.us,Female,(674) 896-8013,Pagar Heights,Donnuzhus,IN,60085,3/1/1995
330,Cameron,Spencer,omfus@um.tc,Male,(239) 786-5568,Akibog Square,Ihgowreb,MS,75647,4/12/1989
331,Leila,Gregory,zauhe@kewzakno.gy,Female,(538) 847-3776,Zewwu Street,Mazumpaj,OR,99081,9/17/1965
332,Jane,Dixon,goshaak@ibo.uk,Male,(988) 377-9090,Rucmof River,Tabjonu,AK,38802,12/5/1985
333,Katharine,Klein,el@nufaaw.va,Male,(766) 888-1421,Fatis Terrace,Nujehpab,WI,70371,5/16/1956
334,Carl,George,paap@ohonesafo.co,Female,(925) 350-2975,Nansos Trail,Kiucoiwa,NY,15611,6/29/1976
335,Victoria,McCarthy,bon@huzif.my,Male,(670) 663-3740,Jukuv Pike,Hucnehec,CO,48943,9/10/1997
336,Kyle,Mills,tacte@eceimji.sl,Male,(862) 693-6036,Wihoc Point,Arewuzow,NJ,96425,10/22/1992
337,Ryan,Mendoza,das@mu.to,Male,(825) 815-1271,Jewa Manor,Denfiig,IN,14125,6/10/1975
338,Lina,Becker,tudaj@oweetacu.bz,Male,(235) 961-1953,Fimi Highway,Doseve,MI,9124,3/30/1969
339,Bernard,Beck,leprip@zifoave.gt,Female,(418) 617-9701,Ipuga Loop,Wimlenba,OK,53323,9/10/1968
340,Mabel,Reese,osacu@on.qa,Male,(434) 495-7260,Moal Mill,Ufhobul,LA,35577,2/27/1971
341,Tony,Roberts,zi@zeubecir.ua,Female,(555) 302-3105,Weso Trail,Sowikmij,RI,57499,3/12/1979
342,Leo,Williamson,uzet@vaggek.ke,Male,(407) 415-9471,Biszan Junction,Podpapud,CT,98695,2/7/1957
343,Mabel,Reeves,goprifij@we.me,Male,(374) 833-4885,Zijke Key,Eggefto,DC,72644,2/10/1977
344,Devin,Page,ugo@ontegguv.nl,Male,(435) 447-4812,Nolih Key,Ruzozno,MI,89110,4/7/1996
345,Max,Watson,vel@hefolfel.sa,Male,(672) 775-3664,Rokek View,Reowfe,KS,33261,9/15/1966
346,Vernon,Love,abi@col.wf,Male,(362) 419-5195,Lizo Grove,Zubiwfo,DC,58618,9/22/1980
347,Inez,Watkins,gif@sogze.bb,Male,(388) 795-2045,Vavfel Highway,Karegjiw,NE,61692,6/12/1981
348,Kate,Lucas,tov@ajahopa.sd,Male,(652) 396-7739,Ijooc Parkway,Dopsiwduw,PA,75800,1/31/1967
349,Calvin,Snyder,ku@zo.lu,Female,(529) 695-1599,Caumu Way,Jigahwec,SD,6088,5/20/1989
350,Philip,Gibson,di@zeawase.gf,Female,(689) 853-2778,Zesus Court,Lizejibih,WV,1982,6/2/1970
351,Mary,George,wo@oga.gw,Male,(465) 510-8086,Rindog Key,Punermo,NM,66925,7/25/1987
352,Rebecca,Perez,mofap@ni.id,Female,(637) 706-3146,Heaga Grove,Jirasdo,CO,69511,4/5/1981
353,Agnes,Gonzales,atmati@ovuhejdut.so,Female,(660) 766-5385,Ehno Point,Sobtepic,MD,36660,9/8/1992
354,Dora,Jones,ro@cuj.pt,Female,(557) 521-4779,Kuval Junction,Ejihiaku,VA,73569,5/21/1980
355,Eliza,Patterson,ku@lup.uy,Female,(458) 375-6224,Tauro Point,Recotwa,VT,80143,2/26/1996
356,Daniel,Coleman,viob@nego.lb,Female,(230) 808-4395,Ligrar Manor,Sulacuc,PA,5867,1/13/1974
357,Angel,Lamb,ruraco@pijtav.ve,Male,(607) 376-1219,Gakur Trail,Rakfonub,SC,18098,11/18/1965
358,Daniel,Beck,luipa@rukdovlud.tl,Male,(938) 941-7263,Jufdu Pass,Jimujo,WA,43163,1/11/1981
359,Clyde,Evans,cuhe@sacugzu.ar,Male,(386) 565-8084,Gajci Pass,Ekoenpo,NM,52299,10/10/1963
360,Austin,Ross,pofmiji@zadanwoc.do,Male,(262) 827-7497,Guczo Terrace,Ginumke,KY,35876,3/10/1994
361,Gertrude,Todd,oze@atote.tw,Male,(234) 388-9191,Uckub Street,Dukvofmoc,AL,86745,3/28/1963
362,Bertha,Norton,pizugbu@uwmig.me,Male,(473) 534-3715,Ketzas Grove,Pefzupik,TN,18390,11/28/1979
363,James,Bryan,bito@dir.am,Female,(311) 329-9746,Cikaw Point,Rohzuhiv,MT,68758,7/22/1975
364,Lilly,Moreno,itaojaovi@kepefhuf.sa,Male,(667) 596-6447,Tuljet Pass,Dafoho,VT,77907,9/8/1957
365,Jackson,Owens,jiegahu@vijicino.ee,Male,(250) 526-1497,Bijfe Glen,Faawogu,NV,17357,5/5/1966
366,Adele,Jackson,opemat@sakazow.kw,Female,(819) 421-5141,Gikut Highway,Jeowepu,MD,9192,2/18/1998
367,Norman,Logan,vaf@ow.in,Male,(411) 641-2291,Utfi Lane,Suslamzis,CO,56254,10/3/1978
368,Craig,Holt,zegud@neorrug.mh,Female,(911) 467-6390,Bomzo Park,Vabhenwuj,NJ,73675,3/7/1980
369,Isabella,Underwood,kibahilo@jih.pa,Male,(258) 400-5822,Ideke River,Lomcasi,IA,40472,3/14/1987
370,Eva,Santiago,heot@ka.ph,Female,(217) 509-8788,Winzaw Boulevard,Fohrusrol,OK,82964,1/25/1991
371,Pauline,Lloyd,ili@tezwu.td,Female,(246) 264-3089,Pueve Pass,Tejoner,MI,22005,8/7/2000
372,Tillie,Martinez,ofsormug@ubiruk.au,Male,(620) 668-4569,Ipadim Court,Dicaswo,MT,10208,6/5/1961
373,Adam,Owens,vunudhi@omki.jo,Male,(768) 594-8752,Peduso Terrace,Zewuwmu,IA,59721,5/11/1990
374,Phillip,Knight,nesfam@giv.be,Female,(832) 715-2283,Rogvu Drive,Diwaju,KS,47742,8/30/1964
375,Aiden,Sparks,baceppir@fujus.cw,Female,(420) 417-5340,Uzgo Avenue,Enmarok,VT,68516,5/8/1976
376,Leo,Anderson,sebevlo@fuwhen.kn,Female,(574) 693-3213,Ofofog Parkway,Zuvhipeg,DE,47922,1/14/1994
377,Hattie,Webb,tasewoise@bukeni.bt,Female,(913) 843-5964,Dibkeg Parkway,Durervih,ME,59524,12/7/1981
378,Alma,Arnold,uhsi@fodivu.gh,Male,(257) 494-9889,Rahi Path,Mehuwag,MA,62547,12/18/1973
379,Marc,Montgomery,zikoof@fawmulja.hr,Female,(268) 335-3703,Renim Avenue,Vegzemi,VA,42663,1/3/1972
380,Helen,Quinn,uzmud@laj.lc,Male,(308) 694-5397,Dinno Glen,Efmojvod,VA,57627,5/2/1993
381,Viola,Edwards,kidep@pogrec.gp,Male,(329) 543-6647,Genic Turnpike,Nolkaniw,CT,36870,5/20/1995
382,Alex,Lyons,fepud@dut.ly,Female,(432) 309-1114,Uhji Extension,Fubcejos,MI,5219,6/7/1973
383,Gordon,Hanson,abauf@gural.nf,Female,(714) 418-2866,Fawu Extension,Tolabpip,WA,41227,6/16/1975
384,Adele,Castro,vagen@son.so,Male,(837) 890-9522,Pibet Plaza,Bujpipew,WV,51678,9/21/1965
385,Rosetta,Weber,dipbe@pirangot.hm,Female,(262) 465-4511,Pisuz Junction,Varilcu,OR,37565,10/2/1987
386,Rosa,Hanson,ca@so.hk,Female,(952) 205-3427,Lecab Junction,Mismeug,SC,85272,12/23/1957
387,Violet,Colon,woc@jojkahoto.ky,Male,(513) 607-4506,Bupbik Square,Elwiwja,FL,63421,4/14/1964
388,Cora,McCoy,izcoma@ipi.su,Male,(240) 939-4635,Judek Avenue,Jucidiz,ID,10278,2/22/1986
389,Marvin,Lucas,cezo@wo.re,Male,(331) 400-1931,Zenna View,Bogpifu,MD,65516,10/3/1992
390,Jose,Armstrong,mabcofule@uvwe.bs,Male,(686) 424-2522,Akwa Park,Pojohep,MA,37453,10/8/1968
391,Sadie,Bass,gecof@kazerol.io,Male,(972) 875-6911,Zocvi Extension,Emrojuf,ME,46899,7/4/1992
392,Lizzie,Patrick,vusol@lus.uz,Female,(654) 310-4939,Mekuw Turnpike,Gicafuh,NJ,65552,12/4/1995
393,Justin,Pena,du@hub.mc,Female,(803) 353-8882,Jezeg Road,Jebolfi,DE,89011,11/30/1984
394,Stella,Garza,uguube@nal.nr,Female,(222) 849-1901,Cena Glen,Livmuwte,NE,37117,5/21/1978
395,Vincent,Soto,tibepe@na.gt,Male,(867) 650-6797,Voljal Road,Nainku,SD,14373,8/22/1989
396,Jimmy,Murray,ilwa@zor.tn,Male,(856) 799-4837,Gezof Highway,Aheozdan,MD,710,9/10/1970
397,Andre,Fuller,kokji@dudor.mt,Male,(315) 571-1557,Fitvu River,Koawohoc,SC,85114,10/9/1963
398,Rachel,Carlson,rat@zu.er,Male,(229) 856-4149,Fono Grove,Apabamnil,MS,34811,10/25/1955
399,Estelle,Walker,pihfoki@izu.sv,Female,(967) 934-5472,Ezin Mill,Valoif,TX,65108,2/20/1970
400,Roger,Collier,zidiswa@wojezcaz.sd,Female,(211) 613-7448,Asoge Glen,Kegmetiba,RI,74531,10/16/1985
401,Frances,Tucker,muhesjuc@goko.au,Female,(224) 478-7271,Dehbo Trail,Vealfir,UT,32662,11/4/1999
402,Lura,Myers,ewjiwu@koc.et,Male,(721) 758-1557,Oseow Way,Dasmurjug,WI,83562,10/12/2001
403,Ricardo,Bush,em@co.ar,Male,(365) 387-7145,Zutza Pike,Veokume,NH,37802,12/18/1980
404,Blake,Henry,libirwe@zeujeiju.mz,Male,(830) 693-4526,Gevid Terrace,Ozujamug,MI,62318,12/10/1963
405,Benjamin,Bryant,upiwo@palu.gf,Male,(518) 746-8564,Ireleg Terrace,Adokutoku,CO,54518,5/29/1977
406,Ricardo,Carr,lamu@gir.gp,Male,(678) 589-3291,Susuv Drive,Eliwasep,WY,59806,9/4/1963
407,Ollie,Bass,ekocohug@gedi.hk,Female,(617) 398-6079,Jifes Place,Nozedfes,AZ,3321,3/21/1992
408,Nettie,Hayes,ivirunu@pewpate.com,Female,(644) 565-2349,Kaken Place,Nafpevana,WY,9132,9/20/1998
409,Phoebe,Kennedy,lef@vovpaj.mx,Male,(833) 985-6547,Gevo Glen,Adwibot,CO,55739,2/14/1972
410,Derek,Matthews,zidolo@dukus.id,Female,(839) 244-8786,Uswos Terrace,Abvodu,KY,95491,2/24/1987
411,Ola,Walton,kegro@sulfo.ls,Female,(825) 749-3630,Ohupi Point,Kemtitne,CO,16124,5/18/1985
412,Jean,Campbell,ehagpew@litivi.om,Male,(983) 207-8695,Napat Circle,Edwalo,NE,18603,4/10/1990
413,Joseph,Klein,ham@oraaza.ly,Male,(503) 469-6556,Ninbi Park,Oprore,SC,28570,7/30/1968
414,Jimmy,Martinez,gitva@ce.bg,Male,(920) 845-1556,Unepu Court,Rourfo,TN,16477,5/1/1978
415,Victoria,Evans,rol@sek.cu,Female,(964) 308-2247,Mazzu Heights,Vozijsos,NV,40441,11/11/1958
416,Clayton,Wright,zib@vu.eh,Male,(302) 857-7538,Zuffe Circle,Iwhejsib,MO,52938,4/3/1994
417,Lucas,Nelson,ic@hoc.pf,Male,(739) 266-7631,Osuwus Place,Nevoppo,WV,91461,10/10/1989
418,Corey,Webster,kor@ruwa.kh,Male,(957) 427-6590,Gozve Road,Ukelotef,WI,44557,1/1/2000
419,Caroline,Wright,ceociodo@ta.al,Male,(453) 318-6223,Infev Trail,Dazsonhij,TN,73831,6/27/1999
420,Luella,Freeman,ekaposaz@gog.ph,Male,(503) 795-3791,Sece Square,Ogaekaero,KY,22046,1/1/1992
421,Elnora,Chapman,folo@une.ne,Female,(358) 351-6126,Moego Terrace,Tesnisla,MS,57537,3/10/1998
422,Evelyn,Nash,foiluuc@rook.ch,Male,(359) 567-1333,Buohi Square,Seoseohe,DC,45776,3/23/1998
423,Leila,Baldwin,navtuf@ton.gb,Male,(361) 209-5852,Hafa Junction,Lihizsod,HI,83607,11/10/1955
424,Stephen,Cohen,zopuhle@anisa.pk,Female,(978) 645-4748,Baje Lane,Kuridu,AZ,69220,11/6/1977
425,Walter,Wallace,bo@vivav.mm,Male,(953) 381-9473,Nulsow Turnpike,Logcilsu,CT,1389,10/27/1963
426,Manuel,Ramirez,tup@keuwicag.tc,Male,(262) 376-6500,Caut Park,Huojunog,NC,5052,10/15/1974
427,Mamie,Glover,reapked@ud.ke,Female,(389) 942-1781,Tesra Point,Kazmovwom,PA,45363,7/22/1971
428,Eva,Casey,pif@ruj.ax,Female,(253) 939-7861,Fine Grove,Humoju,AZ,84684,6/27/1997
429,Charles,Thomas,udvak@nepafav.dk,Male,(622) 678-8759,Patbu Key,Owuvba,NY,17358,6/2/1975
430,Mollie,Massey,jerebih@gu.cl,Male,(881) 306-9217,Rido Drive,Hidofujem,AK,89470,7/12/1980
431,Vernon,Marshall,uzte@vuciw.gov,Male,(519) 948-6470,Lisso Key,Ebugadi,OH,20968,8/21/1991
432,Lela,Clarke,nisek@fed.gd,Female,(600) 422-4667,Zura Ridge,Tolakuw,WI,45122,9/18/1980
433,Jesus,Lamb,udedal@ogijifop.sk,Male,(545) 700-4834,Fasi Lane,Lacisdel,KS,9592,3/2/1961
434,Marvin,Adkins,coivbuv@bukha.nr,Female,(433) 297-5309,Kuzdam Junction,Bekafed,MS,1324,7/5/1973
435,Rodney,Simmons,uvlumma@wubap.je,Female,(725) 636-7202,Ibcu Boulevard,Guunhu,OH,1714,2/3/1978
436,Herman,Higgins,tik@di.ar,Female,(317) 681-1911,Aliub Street,Giodagev,LA,67413,11/30/2000
437,Jay,Casey,to@igo.gp,Female,(255) 768-1328,Oroed River,Duibabif,NM,78591,10/29/1966
438,Callie,Bell,ute@azfi.bs,Female,(356) 672-2150,Teos Park,Aceirlon,AL,65853,11/30/1977
439,Leila,George,olca@poerwob.no,Male,(315) 952-4327,Feav Grove,Agfegca,VA,97045,10/13/1967
440,Earl,Boyd,notmecin@sujo.tk,Male,(887) 627-2184,Ivuro Ridge,Tocnize,KY,37986,10/15/1987
441,Stephen,Walton,nevso@as.net,Female,(769) 233-1693,Juej Avenue,Konmulij,SC,61217,9/25/1964
442,Martin,Martinez,bolo@fehdete.as,Female,(289) 291-3157,Faid Point,Netahuza,UT,48970,2/9/1982
443,Joel,Hunt,ate@hudmello.pk,Female,(673) 826-2440,Likzi Trail,Jevkehag,MD,73665,3/20/1962
444,Jordan,Knight,hapjepevu@gugito.ml,Male,(963) 772-9409,Ahipes Loop,Sinazrad,CO,9146,4/24/1991
445,Cornelia,Ortega,pob@dimkek.aw,Male,(330) 627-2224,Wiwtek Circle,Jongaiz,AR,91418,5/19/1960
446,Ryan,Jenkins,fonup@sod.st,Male,(746) 570-5080,Jowjab Parkway,Ojopgig,MI,94460,9/12/1984
447,Agnes,Riley,ah@kunsut.gt,Male,(736) 788-6372,Zingo Street,Veseol,SC,45936,8/21/1984
448,Barbara,Young,gi@hemsi.id,Female,(362) 305-8849,Jupwi Way,Cetilavij,AK,88010,8/16/1999
449,Ollie,Harmon,rewup@funhas.lc,Female,(615) 664-2794,Ozlu Pass,Gajmowhoz,ME,6976,3/14/1963
450,Maud,Guzman,to@ehiesi.pa,Female,(916) 729-9329,Movi Pass,Pigsarbu,GA,94034,12/8/1965
451,Viola,Moreno,povpugusa@gulluk.ki,Male,(338) 773-9607,Onda Highway,Ibzogsev,ME,67839,5/2/1998
452,Victor,Underwood,emiwek@vu.jm,Female,(923) 403-2630,Zahsej Street,Rovifupic,HI,93861,8/31/1960
453,Jack,Robinson,ebbeno@ohuwal.lu,Female,(440) 950-1196,Biluj Plaza,Purnaso,AK,32704,6/29/1985
454,Lily,Patton,omezi@mopove.bh,Male,(236) 303-8114,Kemje Drive,Faopofuf,WV,47483,7/6/1974
455,Eric,Murray,ci@uzouveejo.yt,Female,(630) 860-9261,Tocfes Court,Garuime,MT,25746,6/14/1969
456,Beatrice,Reeves,bu@gavufo.uk,Female,(730) 904-5694,Sojzov Extension,Nubadso,OR,43014,10/30/1998
457,Bertha,Moran,rat@ki.to,Female,(338) 966-9211,Buja Court,Ofigoreg,TN,21033,5/23/1981
458,Isaac,Richardson,hitpoase@kepukes.fm,Female,(325) 374-8501,Sahaz Path,Sepasaz,AK,92539,3/28/1968
459,Daisy,Holmes,sizofa@ukadeke.vi,Male,(866) 597-9670,Huko Lane,Foojizik,WV,86504,5/13/1963
460,Eugenia,Clayton,acvem@jenoha.ss,Male,(675) 499-4237,Fezim Trail,Lubibta,WA,83204,6/7/1992
461,Leah,Morales,rudfiapi@ito.pk,Male,(518) 659-5975,Rodsi Road,Sidefiwuw,KY,62446,4/5/1957
462,Bertha,Brewer,itmimu@ovzelwot.mk,Male,(304) 491-4897,Cugcem Road,Mikuero,NY,91496,8/12/1998
463,Ralph,Brady,sul@zeh.fo,Male,(600) 525-7595,Enajoc Road,Kitimbuf,ID,77033,6/10/1980
464,Justin,Quinn,mu@fipu.cn,Female,(661) 687-4169,Edesa Street,Losnawik,SC,86252,12/19/1968
465,Edward,Parsons,cegildab@pi.so,Male,(885) 624-2036,Wuwo Turnpike,Oligikul,MN,12791,1/3/1955
466,Jayden,Nichols,lezsab@loslid.tz,Male,(626) 719-6805,Hesdu Pass,Gotvagi,AL,54507,6/11/1986
467,Lela,Ward,ehu@toc.bs,Female,(277) 824-1523,Wiknu Extension,Netgiki,AL,76033,3/14/1980
468,Carl,Welch,ecoag@wo.rw,Female,(548) 337-9189,Zirid Drive,Mejapo,HI,29634,10/10/1963
469,Inez,Peters,setalu@mulitwer.ga,Male,(337) 957-9044,Budodu Mill,Avzemec,OK,35265,5/4/1967
470,Leila,Burns,puzwobur@gile.nu,Male,(529) 495-6772,Vusto Extension,Udodawah,WV,23982,12/5/1974
471,Maria,Blair,ofo@nep.tp,Female,(774) 841-6697,Rauc Extension,Udzitpu,MS,61835,11/28/1962
472,Maria,Ingram,id@kolhoj.ao,Female,(221) 332-6672,Cizow Highway,Jiahaha,ME,79263,4/8/1986
473,Edna,Higgins,mu@topmitih.hn,Female,(840) 688-3926,Cuiwi Turnpike,Tobuhnas,NM,70376,9/17/1982
474,Andre,Mendoza,ze@infiz.gu,Female,(257) 945-9447,Ceza Trail,Midacfo,FL,88799,9/30/1976
475,Keith,Pena,varufbi@kezafu.ni,Male,(863) 715-2090,Masi Glen,Cisepu,ID,6382,9/25/1985
476,Ella,Hoffman,jo@kamjokhok.pa,Female,(805) 984-4042,Mumjec Highway,Kafomow,IN,48434,9/8/1962
477,Derek,Mendez,wab@uzali.ua,Male,(926) 905-9930,Husul Extension,Dazvoaho,HI,75820,2/17/1969
478,Mabelle,Wolfe,hokujizoj@cuzvucipe.ac,Female,(559) 568-4803,Uvenat Highway,Talgirzep,NC,19979,6/5/1962
479,Eva,Simmons,ijejew@uji.ye,Male,(366) 899-6638,Usuco Ridge,Dekjenvok,WY,23698,1/25/1976
480,Lelia,Walsh,tajen@wotditzif.cv,Female,(457) 801-7058,Pegem Ridge,Razdasre,MN,79922,1/27/1964
481,Alan,Kelley,wis@ubipewej.be,Male,(952) 660-7657,Zauh Point,Abseif,WA,58483,4/27/1969
482,Alvin,McCarthy,zawlinjir@di.me,Female,(223) 905-8719,Ihvi Turnpike,Pajegfem,ME,69240,3/6/1990
483,Jimmy,Collins,eso@ke.tf,Male,(653) 513-8571,Guczih Heights,Velupmo,AR,90695,7/5/1974
484,Wayne,Henderson,juuda@rahuvjaf.net,Male,(560) 602-3924,Fevze Boulevard,Rimizupi,MA,41189,2/26/1994
485,Annie,Collins,iseno@ni.dz,Female,(956) 905-7160,Lekku Park,Oliefeeto,DE,31566,2/6/1985
486,Cynthia,Vega,bav@ebugul.bw,Male,(429) 997-7066,Satse Park,Wuzagaj,MS,73466,8/10/1998
487,Lawrence,Burns,ja@jotgep.io,Male,(927) 464-7243,Cesi Key,Pazfewuko,OR,9375,11/23/1972
488,Myra,Graham,ritce@afmu.pg,Female,(260) 590-3871,Zuhe View,Johujkol,MT,68286,6/25/1989
489,Philip,Wagner,vefler@magepeoj.sl,Male,(869) 527-7444,Zerwic Road,Cunoogo,NM,15903,9/14/1965
490,Bernice,Tran,nar@zofzul.tk,Female,(967) 357-5677,Zibdet Lane,Biablol,AL,26507,11/17/1973
491,Phoebe,Owen,ojlig@ederog.ec,Female,(927) 917-5770,Uwako Square,Garuciad,NC,94493,8/19/1985
492,Jim,Freeman,kovdup@zibebro.py,Female,(927) 369-9725,Nallif Grove,Rosfuju,IN,79136,8/26/1980
493,Gussie,Vega,kuhlic@zimab.uz,Male,(975) 369-4872,Uvari Ridge,Odecubim,CT,86161,1/3/2001
494,Mildred,Park,hefmuskiw@bazu.pt,Male,(962) 390-1377,Paga Boulevard,Dizsohvu,MN,78398,5/31/1995
495,Sara,Harrington,kahnako@ileul.pt,Male,(624) 643-9346,Otpu Ridge,Copazbo,TN,35513,6/3/1992
496,Owen,Allen,lozmot@ow.dz,Female,(802) 733-2329,Fubja Turnpike,Odineva,WV,1261,10/26/1993
497,Ronnie,Norman,suuli@jiwik.bm,Male,(602) 571-9797,Ganu Trail,Bumrerus,AK,76514,5/1/1987
498,Genevieve,Palmer,hekzasom@taubi.cn,Male,(762) 580-3199,Kuhvom Avenue,Ropuzpi,MO,20967,11/14/1998
499,Marvin,Barker,so@efi.fi,Female,(622) 775-1201,Eguweh Path,Mikonmad,TX,7195,1/13/1960
500,Joe,McGee,mabe@owzec.ba,Female,(761) 761-1257,Koat Way,Jauhije,IL,45971,8/7/1977
501,Rodney,Vasquez,ikjo@afzahak.gi,Male,(864) 802-3687,Juzre Grove,Bepekvij,KS,87679,9/11/1980
502,Chester,Ramsey,wickahuv@tabmi.vg,Female,(363) 286-9934,Miwwet River,Adheeno,MA,13240,5/29/1996
503,Glen,Neal,huvvulipa@lokmiec.kw,Female,(926) 966-9107,Majiz Key,Emeridfab,IL,26920,9/18/1960
504,Rodney,Reeves,ki@legihodud.ir,Male,(240) 247-9341,Mihu Drive,Badrimjat,KY,74895,10/3/1968
505,Blanche,Gibson,vet@hit.rs,Male,(230) 718-4436,Morev Boulevard,Howupez,SD,2724,3/25/1991
506,Roy,Myers,niswizan@jefuol.ax,Female,(414) 987-8307,Obnum Extension,Ofefokul,KS,70834,9/9/1959
507,Julian,Watkins,zamkar@wazepmud.gd,Female,(673) 498-1461,Likha Junction,Rishoptin,TX,46615,11/18/1987
508,Winnie,Mendoza,ednum@ub.mv,Male,(303) 406-8000,Opoduk Avenue,Kuscuzok,MN,21178,5/9/1955
509,Devin,Johnston,cezwa@ragzok.dk,Male,(387) 601-1903,Ujanuc Extension,Ojivhi,NJ,6866,3/26/1983
510,Catherine,Hardy,ticel@demalib.tm,Male,(333) 697-1022,Cuki River,Huwcumtes,PA,28423,9/29/1985
511,Olivia,Riley,lod@bi.pf,Female,(966) 608-6444,Catus Way,Rohwutvi,LA,81774,6/20/1957
512,Ian,Harris,bo@ri.pg,Female,(768) 465-1101,Uvuhub Path,Ushutum,NH,30752,10/11/1966
513,Lulu,Ray,ro@nopwiv.al,Female,(960) 968-5867,Zouw Mill,Fafetne,UT,33866,7/18/1974
514,Jack,Clark,ruv@ogara.br,Male,(682) 914-9054,Tumof Glen,Nonarcu,MT,67625,7/22/1991
515,Frances,Chapman,ib@li.si,Female,(756) 774-6558,Lurraf Point,Pacuasa,AZ,59961,8/10/1982
516,Hattie,Oliver,dofcidru@ta.ba,Male,(872) 659-4735,Mikeva Loop,Jivdouc,ME,19194,2/19/1991
517,Joel,Osborne,tuho@mozop.gd,Male,(308) 767-3083,Sekci Trail,Ditkadtur,CO,85579,9/14/1999
518,Daisy,Wilkerson,lizopec@casiuw.at,Female,(720) 957-5247,Muvgaz Extension,Urhotduj,VA,14318,12/6/1989
519,Derrick,Page,ejmane@gebvewweb.va,Male,(558) 260-6584,Iher Way,Ihuasojaw,MN,47008,9/9/1973
520,Josephine,Nash,vubju@ikejouh.cc,Female,(712) 465-6467,Fuwle River,Wobogdi,IN,88297,7/31/1983
521,Phillip,Day,mevus@nusib.tk,Female,(368) 703-1265,Ravus Place,Nufuwug,VA,90189,3/26/1964
522,William,Burton,evvepbi@uwwef.vc,Male,(627) 592-4446,Sajab Junction,Jonotnu,DC,50493,9/19/2001
523,Lucile,Gordon,litufhez@uvku.mr,Male,(616) 506-2289,Vodce Avenue,Nulignoj,TX,5718,10/5/1976
524,Ronnie,Patrick,runfarew@gecvaz.am,Male,(731) 736-1472,Ejetif Point,Fidadgoz,OK,95748,9/9/1997
525,Charles,Wade,gemijul@fikuc.si,Male,(424) 771-6948,Wuksa Circle,Toradel,MT,96859,3/23/1973
526,Jordan,Phillips,sehare@ve.ph,Female,(934) 776-3094,Liod Pike,Vofkinmu,LA,16492,1/15/1971
527,Jeffrey,Mendez,welhuw@cukuev.do,Male,(375) 890-8007,Eseva Trail,Tibatmav,MD,85998,4/4/2001
528,Elmer,Page,refef@jiera.nl,Male,(669) 862-6926,Cifiw Way,Hevwuvbug,VT,61130,5/3/1991
529,Lizzie,Craig,si@jup.mw,Male,(980) 746-1980,Hegsi Turnpike,Cafalcu,DE,47052,5/24/1991
530,Cole,Carlson,bul@ipucop.dk,Female,(783) 309-2667,Vatgak Heights,Makiktik,AZ,34430,7/16/1977
531,Harry,Morales,iw@go.gy,Male,(849) 816-9316,Unni Parkway,Hifuhi,ME,82460,2/19/1981
532,Dorothy,Crawford,olulod@wojpu.as,Male,(937) 718-5542,Fefe Boulevard,Atufomvu,RI,8777,9/2/2000
533,Clayton,Moody,ohhul@ze.ht,Male,(553) 308-8818,Ovuze Pike,Wilmuwpu,WI,35927,4/30/1957
534,Rodney,Arnold,duleos@dumsodle.ao,Female,(306) 808-4863,Ozvu Highway,Zawafa,AK,9888,4/19/1980
535,Hulda,Underwood,fu@luzpu.es,Male,(768) 809-8453,Dewav Center,Fiubizuf,WA,6530,2/7/1984
536,Hulda,Matthews,ete@capa.nf,Male,(222) 595-7121,Ukpaw Parkway,Fuvgobbep,WA,185,6/13/1984
537,Danny,Keller,ler@erujgo.tg,Male,(520) 441-8468,Fijpi Trail,Icimumud,OR,24224,10/16/1978
538,Ruth,Reed,wugmeed@gan.hu,Female,(656) 724-8689,Himabu Trail,Pukunpef,NY,44127,6/5/1971
539,Inez,Murphy,utebhig@meddikil.at,Male,(559) 533-9096,Tajil Road,Minfibla,VT,8339,12/30/1996
540,Nettie,Meyer,uwmer@ej.bv,Male,(919) 692-6434,Ohider Glen,Tovtaaji,MT,71528,2/7/1966
541,Shane,Watson,jo@juan.qa,Male,(506) 711-2800,Odsa River,Gaacipo,DE,47368,10/6/1991
542,Lee,Mendez,dan@taccimo.cg,Female,(803) 807-7407,Nepob Pass,Moiljip,NC,43881,12/1/1994
543,Lottie,Blake,misifgeh@afpas.tt,Female,(879) 845-5430,Olari Mill,Ibufsu,RI,39881,5/1/1994
544,Louise,Pittman,ite@boglod.bo,Female,(657) 900-6782,Iwugi Place,Vegopzo,AR,66144,1/16/1971
545,Joe,Hudson,mov@apawervu.au,Male,(528) 731-3705,Hedih Avenue,Butidzi,OR,51396,1/28/1971
546,Owen,Cobb,mug@muc.fj,Female,(230) 932-7191,Pokwa Extension,Woawri,SC,76949,9/1/1990
547,Fannie,Parks,mihdibsem@licujdi.th,Male,(526) 874-4854,Bofe Pass,Bomuvec,NH,31974,1/22/1993
548,Pearl,Hart,re@lezi.jm,Male,(871) 720-1666,Bumo Loop,Uhuduspom,UT,95525,7/15/1974
549,Mike,Nichols,fujzikaj@unotali.ye,Female,(881) 780-4574,Sezuc Junction,Hekokref,HI,15580,6/20/1954
550,Willie,Johnston,bo@omote.jm,Female,(483) 483-4454,Poha Trail,Huulfip,WV,86391,1/4/1978
551,Leona,Erickson,mompe@wito.kh,Female,(449) 265-1849,Zadhuh Way,Miwubor,WY,54078,5/5/1982
552,Katharine,Wheeler,nuzasul@owcopje.ai,Male,(656) 315-1176,Zapu Avenue,Fownatih,WI,26448,2/12/1984
553,Olivia,Ramsey,isvo@gik.mp,Female,(658) 219-9188,Soki Point,Kichube,CT,49088,5/28/1984
554,Mabel,Cole,oseaj@ut.fo,Female,(742) 641-9143,Wivfag Trail,Ditehevod,GA,2948,10/25/1986
555,Timothy,Sharp,cevu@zuhucti.ls,Female,(620) 946-8205,Nafe View,Obekepmi,NM,71225,9/8/1956
556,Dylan,Rios,agegir@saphihfi.nf,Male,(931) 660-9409,Cesiju Plaza,Ireburmi,MS,69085,10/22/1977
557,Michael,McBride,cofuwa@gaki.pm,Female,(679) 781-6399,Wihu Heights,Welafav,VA,34824,12/14/1954
558,John,Gilbert,lug@jeh.kz,Female,(967) 233-9057,Buvibo Boulevard,Tupnobcez,KY,14853,2/24/1979
559,Nathaniel,Stone,tihja@hinih.pn,Female,(649) 370-8046,Puzbu Key,Obtorka,DC,54503,10/3/1976
560,Hester,Hill,nozimo@kibuzi.mp,Male,(328) 375-7235,Vacba Point,Ecodunni,AK,53774,2/23/2000
561,Ann,Yates,eguuhe@fevgesgu.cv,Male,(611) 292-2817,Turi Point,Kizamzum,IA,31291,12/11/1993
562,Isabel,Valdez,fukah@ridbo.nf,Female,(324) 831-2419,Pasja Street,Ziupovin,NE,9076,5/5/1999
563,Mable,Lane,no@seb.ph,Male,(205) 634-8690,Ceun Square,Gihtotum,AL,70101,2/18/1974
564,Violet,Owen,ocelular@gamgamdul.kr,Male,(885) 436-9268,Wuftiw Plaza,Bujfifbev,AR,9444,1/16/1982
565,Edna,Graves,zocsubde@siwupwiw.ms,Male,(757) 961-6432,Votgol Avenue,Riduda,VT,88046,9/6/1962
566,Maurice,Little,wogimune@gacveipe.at,Male,(340) 304-7210,Gahte Key,Mohegviv,KS,85478,9/6/1977
567,Francisco,Perez,guk@bonihje.dj,Female,(861) 478-7065,Heate Pike,Denretde,KS,64427,8/21/1959
568,Rhoda,Greene,paepurat@huddi.ss,Male,(365) 839-2088,Afba Pass,Lupfipuda,NV,82262,11/12/1986
569,Joel,Norris,zokbew@adi.je,Male,(907) 283-9617,Cipa Mill,Zupbaje,SD,53743,7/19/1969
570,Iva,Campbell,eculumja@ikojiv.lu,Male,(940) 755-7173,Edufi Pass,Ihuzofar,MD,51341,12/16/1957
571,Theresa,Green,tu@nunu.ci,Female,(530) 219-9512,Lemlec Path,Sikaife,MS,82001,5/19/1999
572,Mario,Chapman,kadzubo@wud.dj,Male,(842) 310-3745,Gozne Glen,Atmenaj,DE,82628,4/23/1956
573,Beulah,Waters,bi@kamweh.gr,Male,(788) 201-9617,Ajhi Point,Jikvuflo,RI,97341,5/16/1993
574,Henrietta,Torres,ifo@relin.mk,Male,(739) 421-2727,Apju Trail,Nawhopeh,NY,94205,6/16/1994
575,Mollie,Sullivan,lozo@habuh.cw,Male,(460) 872-7280,Mohza Boulevard,Posuzgub,WY,11833,9/27/1956
576,Jonathan,Reese,uwwukeku@ubizo.kg,Female,(322) 811-5866,Decose Parkway,Tepurusu,RI,24267,5/17/1959
577,Victoria,Cobb,bim@winkuj.ec,Male,(540) 433-7592,Tufeh Trail,Umzasse,MT,6410,4/29/2000
578,Adele,Frazier,izo@je.me,Male,(375) 837-9737,Pued Park,Ikwarvop,DE,694,9/10/1964
579,Craig,Castillo,di@mubuheh.se,Female,(788) 385-8877,Ipoid Drive,Olnour,NY,17444,9/30/1997
580,Sophia,Gross,ka@bo.im,Male,(569) 511-2215,Moju Road,Hiebunaz,LA,59474,9/16/1970
581,Steven,Baker,gujhici@hottab.rw,Female,(562) 709-3259,Gucoh Extension,Duetedu,IN,15999,1/20/1994
582,Marc,Norris,mawbaw@wigmih.mw,Female,(479) 413-7141,Cuaze Extension,Dodewo,KS,86241,3/26/1991
583,Mathilda,Larson,noer@vipkita.gw,Male,(816) 765-3405,Voncek Turnpike,Petejija,ID,13380,1/10/1996
584,Cordelia,Norman,icelozu@ude.su,Female,(686) 342-5251,Laful Mill,Jewagfu,AR,28162,4/12/1954
585,Curtis,Lane,bahene@age.uz,Female,(449) 819-1415,Dedoro Drive,Roepte,LA,29978,11/6/1990
586,Emma,Burke,lilso@kigudhuc.st,Male,(865) 847-5923,Zauni Plaza,Junaur,CO,86014,7/17/1955
587,Jeremiah,Delgado,le@belga.ne,Female,(319) 889-6929,Fiwiz Center,Anzunusa,TN,65446,2/5/1976
588,Dean,Barnes,bozzegbig@wo.py,Female,(743) 767-1450,Vibcut Glen,Puifeet,KS,30734,3/28/1992
589,Alexander,Manning,gugucpu@siz.be,Male,(280) 829-5556,Haap Extension,Negalaro,FL,55937,4/11/1970
590,Victor,Underwood,dogar@ukejona.io,Female,(939) 829-8149,Sicic Manor,Cudemto,KY,9513,6/30/1975
591,Jack,Davidson,na@huk.cx,Female,(685) 241-2320,Sazmal Plaza,Utcuwudi,SD,84010,9/19/1992
592,Gavin,Vaughn,mo@ojuncoz.tw,Male,(884) 545-8960,Hurtu Center,Vetatoput,IA,41231,9/18/1968
593,Dean,Moss,lamfel@igca.ac,Male,(969) 927-2837,Neoco Way,Tutazih,IN,63339,7/28/1978
594,Lida,Norton,avidu@nogura.bv,Female,(473) 536-2734,Kohge Heights,Debivhur,KS,24444,8/23/1989
595,Francis,Anderson,si@vuj.mk,Female,(884) 694-6619,Kado Mill,Repezsol,NM,32980,11/16/1997
596,Dominic,Adkins,remfioj@tidwa.qa,Male,(720) 608-3584,Talbo Loop,Ipevaeh,CO,22346,12/24/1954
597,Rachel,Gibbs,gej@metbeke.at,Female,(959) 979-6691,Kaek Park,Akigagav,NV,90999,11/11/1980
598,Dean,Hicks,sagunow@senikuw.gn,Male,(575) 550-4161,Caba Turnpike,Apjavra,CT,50646,4/26/1992
599,Shane,Morrison,awuji@ok.er,Female,(606) 572-8731,Ruwrac Ridge,Iwwokpiv,CO,8140,4/6/1976
600,Mae,Sullivan,wabe@oh.do,Male,(905) 970-1089,Mafka Circle,Ujojot,MO,54456,2/8/1955
601,Brett,Mitchell,gencuh@mavso.mc,Male,(975) 403-6284,Kunuw Turnpike,Venazaz,OR,88252,3/28/1967
602,Kevin,Christensen,waemu@az.ms,Male,(635) 985-5885,Zudemo Terrace,Ojcecas,CA,58746,1/5/1994
603,Nathaniel,Hernandez,idro@odene.co.uk,Male,(632) 421-8761,Nizi Junction,Bupkewtan,NH,94080,12/14/1965
604,Lucy,May,ka@reger.gu,Female,(314) 925-5565,Cofe Parkway,Tumloih,WI,51237,7/22/1971
605,Mary,Owens,ve@bipanhi.az,Male,(459) 626-4850,Rewta Circle,Jokebluc,MT,18227,3/29/1988
606,Phoebe,Powers,we@get.bz,Female,(963) 647-2750,Hanez Extension,Regtebdot,ID,19468,12/4/1977
607,Cynthia,Manning,nojif@feppalih.ae,Female,(236) 731-7951,Fipet Pike,Petiki,AL,43009,4/4/1969
608,Fannie,Holmes,meuja@silunci.sz,Male,(558) 741-3131,Nizi Mill,Pezzupbo,LA,66994,9/24/1991
609,Connor,Rowe,cabbu@raurjem.sv,Female,(250) 601-9601,Sadi Pass,Nanacnig,KS,56454,5/13/1974
610,Dale,Riley,fihseb@fa.bo,Female,(572) 301-6289,Geoko Lane,Ociwisi,CA,6290,8/28/1983
611,Francis,Long,cimtezel@locin.sa,Female,(406) 976-9782,Inusut Parkway,Kozusco,KY,57369,7/21/1973
612,Estelle,Craig,mote@up.tz,Male,(235) 825-1739,Jojmom Way,Zucwemlo,OH,83972,7/20/1962
613,Floyd,Clarke,ir@tobgessa.et,Female,(772) 471-9686,Tanum Drive,Muselwo,OH,25293,12/29/1965
614,Sally,Dennis,vina@eksovli.ca,Female,(540) 944-6757,Dosnem Square,Catatpo,SD,41717,1/30/1980
615,Jackson,Jenkins,he@bincamal.tz,Female,(569) 447-4344,Sihav Glen,Kovredwo,KS,61711,5/24/1959
616,Lena,Hall,uz@ehacus.tc,Male,(589) 339-1966,Ucpi Pass,Gegandu,ID,70894,2/23/1987
617,Sallie,Jefferson,uba@gukteje.in,Male,(736) 405-7254,Duel Parkway,Ahafeali,RI,5466,9/7/1960
618,Lucille,Torres,sa@jamobe.aw,Male,(210) 839-6663,Tufla Key,Utezobe,MS,71789,3/23/1973
619,Todd,Perkins,paohu@wa.sb,Male,(389) 224-3076,Rupke Pike,Okijandaf,DC,44225,12/8/1986
620,Ida,Gill,ezi@zapikdet.co,Female,(881) 887-7221,Muruh Park,Jehgethav,MI,49116,2/20/1971
621,Glenn,McKinney,lutgulav@rewtebbe.ml,Male,(740) 738-2692,Uvocu Plaza,Ricucpur,UT,96941,6/26/1969
622,Marian,Reid,gawede@gicuero.cd,Male,(817) 496-5680,Ciglab Court,Ibebviz,OK,96881,12/20/1989
623,Ruby,Bowers,uzojumas@rahamjes.su,Male,(802) 630-8259,Mufe Ridge,Tibkiub,VT,14897,11/30/1979
624,Austin,Webb,fuv@wala.py,Male,(550) 895-8180,Oragap Turnpike,Jugfochul,NJ,11516,11/18/1956
625,Francis,George,gewuno@sidam.tp,Female,(466) 527-5121,Cifub Parkway,Wugubtog,IN,37764,2/11/1955
626,Adelaide,Haynes,ra@zehudir.gw,Male,(533) 907-2568,Pibitu Heights,Ubbili,KY,61588,1/2/1993
627,Lucille,Lawrence,cuaku@hemnija.ch,Female,(268) 777-7247,Ephob Lane,Avasigja,CO,98826,7/30/1961
628,Fanny,Ramsey,coji@zotonej.do,Female,(539) 914-8470,Fosak Terrace,Fidtufa,LA,74183,7/31/1966
629,Harvey,Bowen,nalmarco@kojedsun.vu,Female,(720) 326-9744,Vetmag Terrace,Zaticzaf,GA,80037,11/13/1994
630,Clara,Steele,wif@zumgiju.cl,Female,(781) 630-5337,Fupip Square,Pacwalug,LA,42607,8/20/1990
631,Aiden,Rios,dotiwfof@niaromeb.hr,Male,(437) 613-2938,Bire Lane,Inanefok,NV,10139,11/5/1954
632,Mollie,Huff,usohondek@vojpegfa.uy,Female,(628) 946-9097,Zuhu Center,Mezosbus,MN,60046,3/16/1978
633,John,Nelson,fes@nud.va,Female,(271) 665-8574,Upona Junction,Ogjutmu,SD,31401,3/31/1976
634,Herbert,Hoffman,cinrihet@luteblal.pt,Male,(358) 473-5700,Kothu View,Wupokdi,NE,26081,5/4/1960
635,Lula,Mack,om@ede.sa,Female,(712) 441-4158,Reilo Center,Nauvwup,VT,37895,9/3/1957
636,Alvin,Chavez,wathobem@awocagze.to,Male,(985) 982-2157,Sitab Way,Javsocsos,AK,39785,6/5/1974
637,Evelyn,Barrett,deesatu@cudkaz.ng,Male,(844) 315-4778,Jilak Manor,Zeerhim,NE,30684,9/18/1983
638,Lettie,Townsend,uwmuswej@nutun.eu,Male,(275) 220-3844,Fadme Loop,Mugupma,VT,85464,2/7/1957
639,Daniel,Medina,gum@bebuwzuz.iq,Male,(971) 317-8040,Ipfev Park,Etlahof,WI,71716,12/20/1994
640,Larry,Pena,te@hoji.my,Male,(522) 932-8749,Vawifa River,Zauzwic,DC,42420,4/11/1984
641,Carolyn,Pittman,kipefme@biuv.tm,Male,(840) 415-4234,Wisbof View,Nompenraj,WY,41321,11/3/1957
642,Brett,Watts,iliba@govoir.cr,Male,(508) 201-9923,Imajo Mill,Picodlu,CA,7277,12/20/1999
643,Olive,Lyons,wajvucboj@mugkan.gb,Female,(282) 298-6274,Tihu Turnpike,Rezeah,OH,21101,6/23/1966
644,Effie,Gray,lu@ger.nc,Male,(768) 968-9459,Wehlun Plaza,Vuucvot,IL,41630,12/22/1992
645,Gavin,French,nuulelaf@jero.cd,Female,(428) 796-2953,Fakgar Terrace,Ovhalguz,ND,57451,11/26/1985
646,Ora,Cohen,encu@sozadabi.ao,Female,(668) 582-7237,Zegti Pass,Udinaro,UT,39732,10/27/1969
647,Christopher,Ryan,bo@dedoaze.pl,Female,(809) 861-8092,Zabzim View,Damilup,NE,76994,11/14/1959
648,Georgie,Higgins,une@tanruaki.sd,Female,(213) 874-9576,Hecak Key,Kezazi,MD,37997,6/12/1966
649,Angel,Alvarez,eho@womgaso.mt,Female,(331) 464-9534,Nuivo Avenue,Zedlawjiv,GA,18266,1/29/1994
650,Eliza,Snyder,ahi@hemwelup.com,Male,(420) 309-8821,Awnam Way,Guniwor,AR,27150,2/5/1986
651,Alvin,Rhodes,wapuon@pa.zm,Male,(262) 746-1788,Ziref Mill,Ovnapeke,AK,75062,7/28/1966
652,Ollie,Owen,soonisa@cogsille.tr,Male,(435) 351-1087,Jocib Highway,Dacovufe,WV,86017,2/3/1965
653,Andre,Houston,lok@jemomnof.tm,Female,(415) 401-5021,Canhek Path,Wuwjupbi,NH,72187,8/18/1977
654,Ophelia,Holland,daguj@fire.ve,Male,(247) 340-6873,Ikfiv Road,Catkuplik,UT,20623,4/26/1986
655,Linnie,Carpenter,moni@bijubav.no,Male,(820) 398-6375,Ohubum Pike,Rolpafic,DC,7791,12/26/1981
656,Jim,Williamson,ikiha@mewacoama.bv,Female,(870) 360-8943,Inuce Lane,Kugponha,ID,65064,5/5/1958
657,Carlos,Fitzgerald,co@sipojle.dz,Male,(354) 666-2390,Ruhede Grove,Jikkutvac,WY,9252,8/26/1961
658,Isaiah,Parks,wooj@kuibu.aw,Female,(588) 641-3002,Rugod Pass,Areelvo,AZ,38497,7/4/1960
659,Maude,Dean,ome@cu.sj,Male,(511) 655-2322,Paije Center,Nenvefle,WV,48576,8/31/1971
660,Isabelle,Guzman,ihebuj@likit.md,Female,(773) 259-1963,Hizpu Point,Davtefuw,SD,65258,12/14/1989
661,James,Dawson,otropdo@ajmac.sy,Female,(472) 727-1108,Rujvif Junction,Dedhobo,IL,40248,2/23/1976
662,Ethel,Turner,conroufa@rozehuwu.al,Male,(274) 316-5887,Beju Extension,Jazvurut,ND,65487,8/6/1961
663,Todd,Summers,fi@junref.ao,Male,(908) 816-7345,Pabsec Court,Rajunev,CA,42281,3/4/1956
664,Nathaniel,Yates,vu@wopfe.ni,Female,(460) 869-8681,Digwe Plaza,Fomuwbo,SC,27777,7/16/1957
665,Oscar,Elliott,hostolnos@uhi.ie,Female,(963) 823-7139,Sibi River,Depuwuno,PA,22693,2/20/1997
666,Delia,Henderson,repvek@bi.mv,Female,(367) 336-1367,Dodi Court,Lefromju,NV,8793,9/29/1999
667,Tom,Gardner,otamega@devudwo.ve,Female,(584) 355-1343,Cebpir Center,Peverabug,NJ,99738,10/25/1993
668,Kathryn,Burke,duzo@sol.kg,Female,(260) 374-8774,Pitpup Way,Bokwedu,AL,57542,12/2/1998
669,Mason,Woods,re@asevimek.lr,Male,(450) 523-7946,Wutna Drive,Jizetpom,MA,41905,2/15/1954
670,Alfred,Lambert,ci@obupuve.sj,Female,(689) 209-9859,Guhgeb Plaza,Fiditzer,TX,28532,3/14/2000
671,Verna,Carson,acaig@su.hr,Female,(271) 586-7784,Noto Center,Sebfokuw,NJ,19473,10/7/1977
672,Gordon,Palmer,cekvevak@winef.si,Male,(384) 621-6097,Duso Plaza,Nihiwzu,HI,11126,12/14/1988
673,Olive,Munoz,hoiva@nobbor.zw,Male,(523) 579-6770,Giwob Circle,Wejieta,VT,92441,12/11/1981
674,Bruce,Martinez,cajeh@he.mr,Male,(586) 283-2612,Johu Glen,Dusuvo,NE,48801,4/3/1957
675,Jane,Osborne,mudsol@poohakok.uk,Female,(610) 498-3089,Voipe Point,Mewpabbob,NC,73481,12/26/1979
676,Ellen,Patterson,jigih@fe.az,Female,(577) 343-8058,Robip Parkway,Fusapih,GA,32685,8/17/1996
677,Helena,Farmer,vucdouk@mo.cf,Male,(356) 216-4536,Emri Highway,Gohroge,CO,53928,3/25/1997
678,Jane,Duncan,mulif@jagzecjo.vn,Male,(606) 870-6680,Feluze Way,Bilfuno,PA,82244,6/4/1966
679,Willie,Saunders,faltugo@didna.kg,Female,(982) 476-4208,Madho Extension,Tolapod,MT,76949,4/4/1959
680,Andrew,Henry,biuv@cuwharred.py,Female,(734) 897-5602,Acopeh Ridge,Getubjed,RI,14243,7/24/1957
681,Alma,Hawkins,ikoto@ramo.sr,Male,(456) 603-9763,Zicwus Court,Fodnervuf,OK,47949,5/31/1957
682,Cora,Lloyd,rulapac@wowa.kg,Female,(252) 733-1237,Tonlah Lane,Gadvulmol,IN,18816,3/28/1970
683,Kyle,Bowers,abobilruf@emeja.nc,Female,(740) 273-7224,Zapbu Drive,Edodeohi,AL,68954,2/21/1969
684,Joseph,Chambers,pamidka@cedegpi.bg,Male,(503) 534-5334,Cufvib Lane,Dizegve,NM,20112,4/3/1985
685,Mario,Brown,fen@hage.bh,Male,(945) 739-2534,Bilo Turnpike,Gopojeev,NJ,76021,10/2/1991
686,Louise,Edwards,caap@sedodkoc.af,Male,(432) 999-8078,Etze Circle,Miduntu,MI,70150,1/26/1976
687,Eula,Turner,sa@ukseoh.tf,Female,(604) 454-4202,Lira Highway,Hujucop,OR,46817,1/5/1973
688,Winnie,Hunter,metoh@zo.sg,Male,(366) 705-1962,Vebo Trail,Rucbobhar,NJ,87147,7/22/1963
689,Sara,Roberson,ohlohdo@upva.tf,Female,(351) 765-5747,Ehuni Turnpike,Woheplek,RI,56388,10/10/1977
690,Isaac,Reeves,doclunjuj@umuded.bw,Male,(757) 405-5676,Nejguj Parkway,Fevnauh,HI,14811,11/12/1996
691,Jimmy,King,odeneane@wekkeril.mc,Male,(650) 322-6395,Izko Manor,Tusiwem,KS,68212,2/4/1973
692,Christian,Sparks,wi@udesofjit.pf,Female,(345) 847-2802,Korfe Plaza,Zuscaen,ND,61121,9/11/1957
693,Logan,Frazier,jono@ce.zm,Male,(442) 413-9352,Cira Highway,Eruezawa,NJ,43602,8/25/1971
694,Alberta,Peterson,ti@ofhicwi.gt,Male,(648) 233-5659,Ahiusi Turnpike,Viguftis,MA,87063,3/6/1970
695,Susan,Matthews,epehad@idubulu.sv,Female,(280) 545-1011,Cajav Terrace,Tirorrud,NV,40261,9/6/1996
696,Betty,Webster,ip@ejo.kz,Male,(756) 991-9724,Herob Street,Apezijub,LA,309,6/1/1998
697,Amy,Carlson,nejise@lawwuc.gt,Male,(335) 460-7246,Koruv Avenue,Erazeluv,NC,45006,3/30/1967
698,Lily,Mason,peg@towamow.gr,Male,(853) 211-9834,Siftet Terrace,Neokole,TX,70520,10/31/1954
699,Lizzie,Pittman,se@beluppep.fj,Male,(928) 497-3446,Okifo Extension,Jiwujte,KS,49046,3/6/1975
700,Steve,Frank,hehuep@hajlumgo.hk,Male,(410) 469-3206,Ehno Heights,Wosbeflug,CT,49924,9/19/1991
701,Rose,Higgins,boza@odacawab.cn,Male,(484) 306-6977,Dudu Circle,Pevjawbu,NJ,43546,12/12/1964
702,Lois,Burke,agzul@tu.is,Female,(422) 666-4022,Wiah Square,Jeopeji,TX,61825,10/11/1994
703,Estelle,Frank,cig@tekmec.so,Female,(371) 588-7941,Gesje Point,Rutacen,AK,24258,7/24/1983
704,William,Stevens,ba@baveh.am,Male,(588) 537-8160,Dalel Road,Lublemawa,VA,49017,4/19/1972
705,Travis,Jones,adu@tahu.pk,Female,(883) 982-1841,Dofpe Heights,Mefugu,WY,12392,8/17/1959
706,Elmer,Soto,aztor@rer.nc,Female,(285) 496-3834,Mapzi Boulevard,Ladmatu,OK,83361,1/17/1956
707,Phillip,Lyons,cagir@ocuanbew.pe,Male,(749) 291-6075,Uztor Way,Isadaugi,WY,91874,5/12/2001
708,Theresa,Peters,so@ah.mx,Male,(605) 363-2068,Viki Square,Munive,NH,38038,9/26/1958
709,Lura,Miles,ipramhu@ejebe.aq,Female,(231) 651-7471,Kihoso Turnpike,Mutjivi,VA,43066,4/16/1975
710,Lily,Carroll,ba@je.jp,Male,(545) 810-7586,Ucete Road,Nibebiv,ME,8707,7/16/1990
711,Jose,Wright,susif@ef.kw,Female,(586) 239-9497,Govla Junction,Cirnukha,AR,11584,8/6/1979
712,Jackson,Harmon,kih@ede.gh,Female,(230) 219-3501,Zijgen Extension,Ralojutu,NE,34968,12/28/1993
713,Violet,Fitzgerald,wi@roostok.is,Female,(308) 640-8349,Vubmi Highway,Ekaewner,NC,50320,6/18/1957
714,Eugenia,Cooper,ibiirome@ewe.sv,Male,(485) 467-8464,Utocu Loop,Itauhebu,SC,51655,2/16/1972
715,Jeffery,Pena,micdo@kim.au,Female,(488) 954-1234,Mejom Heights,Ihlusef,PA,17653,7/15/1965
716,Noah,Reid,bun@mot.gy,Male,(308) 718-7420,Ketop Mill,Bitbaro,NH,98072,5/1/1991
717,Alvin,Richardson,ofe@avu.io,Male,(957) 591-6974,Kuvcan View,Gavwipi,AZ,38772,2/9/1960
718,Steve,Warren,wa@magibsi.ls,Male,(280) 504-4218,Ehuco Terrace,Dohijzaj,NV,52050,12/18/1963
719,Grace,Mills,seleote@cu.sl,Male,(259) 648-5730,Cagpaw Heights,Bivazem,MD,62214,6/20/1980
720,Sue,Stokes,baori@vo.pl,Male,(917) 621-6573,Pupwu Plaza,Gokjizna,CO,28014,12/3/1997
721,Devin,Delgado,cavbuntur@al.sc,Male,(270) 855-2865,Hapku Road,Udlobtes,CT,8988,2/6/1978
722,Madge,Duncan,ufavofli@tuhkufwo.il,Male,(350) 312-5528,Vuftu Highway,Towabviv,CO,98053,6/22/1980
723,Emilie,Roy,zebnebibo@butsuda.to,Female,(284) 965-9150,Dinuso Manor,Desracu,VA,65518,7/1/1985
724,Rebecca,Moody,absivo@pa.sv,Female,(904) 593-4991,Usgu Plaza,Edmoftab,WY,37975,8/26/1967
725,Eunice,Evans,kev@kodojac.vu,Male,(642) 829-8733,Iwle Grove,Cuhidbon,SD,38375,6/2/1996
726,Gary,Mills,um@jibowone.ne,Female,(648) 887-4683,Nour Extension,Hakujtuc,AK,68115,12/18/1970
727,Mildred,Berry,diedfa@kig.ua,Male,(882) 533-5602,Buiwo Center,Hesedobo,NJ,78372,9/16/1998
728,David,Lloyd,fok@ge.jp,Male,(315) 953-6889,Fobdi View,Tagzinse,NM,84065,11/20/1973
729,Chris,Pierce,bi@hutgisi.be,Male,(209) 834-6339,Witlol River,Icevupi,AR,77541,11/2/1981
730,Jennie,Copeland,munko@bu.nz,Male,(412) 345-7416,Dajwev Turnpike,Duepolu,PA,53268,7/31/1986
731,Owen,Bridges,bu@is.au,Male,(981) 461-5145,Puva Lane,Lofabvow,MO,12590,11/17/1979
732,Roxie,Hale,cecgef@sejub.gl,Male,(452) 341-2321,Piwu Trail,Amutave,ME,64729,9/23/1955
733,Derrick,Moss,za@dejoriru.ba,Female,(953) 841-4672,Ejmac Lane,Lehcaha,IA,44141,4/19/1964
734,Irene,Vargas,gicagi@corfuob.mz,Female,(517) 455-3351,Peuvi Place,Ihedodo,UT,96284,5/8/2001
735,Mabelle,Sanchez,sabfe@tedho.ee,Male,(569) 672-3105,Docew Turnpike,Funuwpa,NH,87741,6/2/1969
736,Bobby,Frazier,ecejo@pok.bs,Male,(640) 716-3660,Ukew Mill,Futnoogu,DE,66019,7/29/1995
737,Madge,Ramsey,pumhipge@lillu.pt,Female,(300) 257-1975,Kiciv Park,Gukrumuh,SD,15762,6/4/1977
738,Franklin,McGee,nidikikam@nenov.tf,Female,(409) 804-3008,Dusve Heights,Kacezbuf,ME,90756,11/10/1965
739,Walter,Roy,pev@ini.ci,Male,(366) 647-3761,Emavec Ridge,Nikornib,NJ,15906,9/23/1959
740,Jonathan,Alvarado,gu@hu.bb,Male,(451) 866-9227,Affu Loop,Vadlebra,MI,34936,6/5/1955
741,Donald,Clayton,jo@abgouji.bq,Female,(729) 507-2539,Jivse View,Kaodicu,TN,58781,11/27/1963
742,Harvey,Moss,ela@ru.cu,Male,(450) 436-8715,Jurini Manor,Ihduiha,NV,41482,10/19/1976
743,Agnes,Thornton,fisjuve@fi.bs,Male,(318) 700-2394,Kenal Trail,Linisraw,MN,53266,3/23/1980
744,Lois,Barker,oke@ke.st,Male,(886) 479-4089,Riklev River,Nifkatdez,WA,5162,6/5/1994
745,Lula,Swanson,ojguwe@ahmucru.sm,Male,(727) 319-7803,Walu Boulevard,Kahanutom,WI,5597,12/6/1993
746,Dale,Kennedy,re@haztigofu.ne,Male,(261) 537-3247,Igakub River,Bimarora,NM,89299,1/24/1963
747,Joe,Holt,rerigot@ariteho.fj,Female,(521) 914-5044,Jeger Boulevard,Wofusu,PA,23094,6/18/1957
748,Josephine,McLaughlin,hifo@ba.cl,Male,(748) 658-9223,Ajlir Glen,Fakhebku,KS,86065,7/6/1969
749,Bill,Carter,aca@gaaw.gt,Male,(800) 215-4604,Hudoh Avenue,Jonmuwfik,MA,58541,3/22/1991
750,Nannie,Wallace,gatsuedi@lotabni.eg,Male,(203) 359-9614,Diune Lane,Ulataldip,KY,63833,6/21/1991
751,Alan,Tran,jilijec@zacefanik.sj,Female,(478) 877-1845,Wiih River,Pihawlic,HI,87225,2/1/2001
752,Mayme,Webster,pozvikdo@om.de,Female,(776) 927-8781,Uvbun Junction,Silrijki,VA,85637,5/2/1954
753,Owen,Simmons,wurevif@ri.no,Male,(352) 809-8375,Haoba Park,Wemofeli,NH,92588,9/4/1967
754,Jay,Chapman,enejli@ad.gi,Female,(752) 753-9042,Vodku Heights,Laroda,NC,59620,5/14/1989
755,Clara,Stevens,ellur@waznod.ru,Male,(770) 931-9485,Gadowe Key,Babufgi,SD,97939,4/23/1966
756,Ruby,Vasquez,ila@sebwauso.si,Male,(834) 560-3167,Voco Mill,Mornafmu,GA,96350,2/24/1996
757,Terry,Freeman,ibal@ejade.et,Male,(336) 769-8839,Nujmob Mill,Hotavoh,MT,59698,4/17/1973
758,Lizzie,Ward,amor@zarbega.ck,Male,(221) 587-5642,Mied Terrace,Wakutnol,NC,8177,4/27/1993
759,Annie,Peters,fihni@bohi.nu,Male,(776) 624-1802,Mihpe Highway,Cukinava,MI,29148,10/26/1989
760,Genevieve,McGee,lewinnu@fezwebdi.as,Female,(629) 748-9583,Firu Drive,Zobowgef,WV,38965,4/29/1997
761,Annie,Stanley,lififce@ikha.me,Male,(981) 322-4689,Dolrac Terrace,Galtezoj,DE,92819,12/6/1975
762,Emma,Wade,fetzu@rov.jp,Male,(745) 622-6612,Mikfug Turnpike,Telulog,CO,81680,10/21/1995
763,Connor,Watson,fazirmen@co.kn,Male,(830) 835-6438,Nioco Glen,Vejivica,WY,30293,6/23/1958
764,Douglas,Klein,tepuhupo@lindem.hk,Female,(861) 829-4780,Lomkom River,Zarordek,VA,61127,6/23/1977
765,Alvin,Conner,wuji@nehodvom.pm,Female,(470) 671-9974,Temop Parkway,Ogfenot,MT,33189,3/2/1992
766,Carolyn,White,dubujew@konfa.hm,Female,(575) 596-2192,Rubbij Glen,Injentul,AK,46133,10/16/1972
767,Flora,Underwood,ibiwic@zew.vn,Male,(748) 732-9767,Banmur Pike,Hozohija,NE,72631,1/26/1980
768,Claudia,Glover,acasobvod@dopehuomo.com,Female,(248) 972-8844,Bumke Place,Vakfobag,CA,81358,5/1/1993
769,Ruth,Harris,narik@hik.li,Female,(885) 481-2583,Tarje Street,Wezohiuba,DC,66755,10/13/1970
770,Hettie,Buchanan,rivcal@tazer.mt,Male,(731) 484-3281,Ivukad Trail,Unogebnij,NV,7094,12/31/1972
771,Francis,Simon,utime@wofed.et,Female,(551) 810-6706,Wengig Place,Sofucosa,CO,21509,6/11/1969
772,Jeanette,Lawson,ojov@rirbin.pg,Male,(670) 509-1793,Zifik Lane,Zamiwi,TN,74458,5/8/1998
773,Andre,Bowers,amofagha@puvcocu.va,Male,(936) 740-8847,Kose Key,Pajrivcis,AL,93554,6/12/1956
774,Louis,Burton,mouti@zuosu.ke,Female,(588) 835-2841,Zuna Manor,Patfuas,NM,50452,5/29/1991
775,Lottie,Fitzgerald,vasa@huza.gg,Male,(552) 567-3827,Zomu Ridge,Gomgemrah,ME,45080,1/12/1982
776,Maurice,Wells,osjiiv@womat.cx,Male,(433) 776-7456,Roat Terrace,Mudvohni,NM,42915,2/4/1982
777,Sue,Berry,bivij@weci.kw,Male,(744) 498-4920,Gigi Heights,Wuijto,DE,80243,4/22/1979
778,Troy,Gibson,mocfiwo@mucihfu.et,Female,(586) 925-3311,Cogduv Turnpike,Ozeedre,NC,48146,3/28/1997
779,Clayton,Diaz,osoku@mu.pn,Female,(217) 528-5816,Awmad Square,Ohuhihpe,PA,74518,9/26/1981
780,Nicholas,Hughes,huf@ligo.bf,Female,(214) 410-4809,Buwnew Boulevard,Coiferew,NJ,8309,4/16/1978
781,Jerome,Wolfe,tog@cepe.gh,Female,(351) 965-3104,Fakzup Court,Ipihaler,TN,31197,4/13/1972
782,Agnes,Bryan,fekudwe@hemi.ar,Male,(961) 540-2426,Buvoh Pike,Nukroja,VT,4200,8/28/1994
783,Violet,Bass,tekib@ugumal.va,Female,(848) 883-6342,Fifav Highway,Wiglueto,MI,95157,12/26/1956
784,Hunter,Benson,lod@ah.nc,Male,(637) 939-8325,Jahwe Pike,Nobuzoew,SC,68867,11/26/1986
785,Johanna,Lamb,on@karsoud.ua,Female,(867) 678-6365,Laeg Manor,Sicsancoj,NY,21412,5/5/1955
786,Peter,Stanley,jo@ejerev.br,Female,(617) 322-4223,Belsa Pass,Kifarve,VA,99285,12/3/1957
787,Fannie,Manning,ci@gudnimwim.cw,Female,(272) 605-4608,Soffid Parkway,Gibzeliz,MT,29286,6/22/1999
788,Ian,Riley,gege@ulaoh.tj,Male,(262) 527-2902,Sorir Grove,Hovpewe,VA,22769,5/17/1984
789,Mason,Drake,momevhu@usaomi.mp,Female,(618) 949-4862,Bucug Boulevard,Nitifaz,NJ,49438,2/16/1979
790,Joseph,Jefferson,darha@tof.pl,Male,(466) 317-9889,Lidmu Parkway,Lilopujo,ID,1413,10/23/1955
791,Hettie,Vasquez,peled@jinul.vc,Male,(633) 952-1426,Zazkur Square,Sobocoewi,WV,75580,10/31/1957
792,Zachary,Robertson,duvwoz@wodko.be,Female,(454) 508-4738,Cadulo Avenue,Kahvunma,UT,40506,8/26/1994
793,Lura,Estrada,nafhe@mel.bw,Female,(475) 799-2239,Malre Lane,Fairipag,RI,39260,5/2/1995
794,Bertha,Nichols,cecze@lataza.jp,Male,(355) 427-8279,Wacoz Manor,Abgevir,AR,33712,1/24/1969
795,Derek,Love,uwood@ohtal.kh,Female,(824) 693-7746,Opejep Terrace,Ironafev,IN,44034,10/15/1986
796,Adam,Zimmerman,fit@vupobce.id,Male,(670) 843-6351,Gadih Highway,Ojzoki,TX,76701,4/10/1982
797,Terry,Barber,tame@udo.qa,Female,(216) 547-5240,Zalwo Glen,Salogu,WY,32443,5/3/1967
798,Stella,Crawford,lizedrep@bose.ug,Female,(801) 338-8269,Bevlug Point,Tojetuho,VT,11399,2/16/1991
799,Georgie,Graham,catjiw@vo.ee,Female,(447) 239-9427,Hucu Drive,Tewian,NV,2258,4/23/1962
800,Rosetta,Fuller,uhe@uhapomunu.cu,Male,(878) 931-5346,Weoh Key,Lajmuero,RI,38964,8/24/1999
801,Allen,Carson,faino@cedu.tp,Male,(718) 574-6398,Dela Plaza,Hijanroc,RI,76481,9/6/1982
802,Peter,Arnold,zubirgo@opbuvew.uy,Male,(726) 394-9738,Cekepi Ridge,Cuuhave,NJ,99053,4/12/2001
803,Garrett,Strickland,relboje@hi.ao,Female,(945) 412-7877,Sinun Lane,Komelic,SD,23988,3/7/1969
804,Max,Silva,irfocjo@kifafe.er,Female,(360) 346-4721,Badnam Terrace,Ciromaz,IL,21943,1/17/1990
805,Austin,Welch,vuvhav@aruweihe.ru,Male,(940) 240-5026,Tirdo Circle,Nobbubfa,NC,63975,7/14/1957
806,Isabella,Fisher,bi@etute.se,Female,(765) 311-2920,Lobkak Extension,Zukhoka,WI,73025,9/30/1959
807,Chad,Copeland,higa@lifenif.pk,Male,(505) 892-9803,Fawni Court,Zizufuf,MT,45719,3/20/1960
808,Leila,Reynolds,ligis@safagumec.to,Male,(282) 608-4609,Madbad Manor,Cugvawa,ND,84000,1/27/1990
809,Sophia,Mitchell,ugica@wosir.bf,Male,(516) 894-7617,Cupug Parkway,Navanisoj,OH,44163,10/8/1972
810,Hattie,Hawkins,mopgihed@roz.lu,Male,(405) 989-8892,Esvu Plaza,Likisru,NV,48140,6/23/1983
811,Sarah,Hammond,uz@le.aw,Female,(881) 278-3566,Kutsi Park,Pogahif,LA,38838,11/4/1960
812,Alvin,Richards,cegulo@ma.ly,Female,(738) 878-2782,Iwbem View,Hacevap,GA,53094,10/8/1966
813,Rosetta,Chapman,lin@da.do,Female,(800) 382-6021,Fedpag Point,Hamnodcuv,SC,75596,11/4/1977
814,Ophelia,Cunningham,wecice@we.fj,Female,(962) 581-4852,Cilu Place,Gozuzron,KS,81901,10/23/1996
815,Katherine,Jacobs,lolbuldeg@itotim.dz,Female,(788) 558-1119,Tidno Grove,Mohireh,AK,1948,6/18/1972
816,Bradley,Wilson,jarvetuc@gipremib.nz,Female,(715) 821-5152,Atnis Plaza,Jepaduli,MT,14875,11/17/1975
817,Jeffery,Schmidt,hih@towebpen.tj,Male,(259) 880-5990,Utuiju Heights,Kusmuja,IN,91437,7/8/1996
818,Caleb,Welch,raf@vahfoju.ph,Male,(713) 660-5765,Jahi Court,Siahzen,VA,56469,11/3/1984
819,Lee,Beck,awoja@appupki.pg,Female,(283) 420-3516,Zetuf Extension,Vosilsa,VT,6581,2/9/1965
820,Lily,Garcia,jousaw@weguhcub.al,Male,(621) 729-8363,Decvu Junction,Jukobog,SD,12201,6/19/1983
821,Laura,Cook,touseet@mez.kp,Female,(878) 709-9189,Bimliv Pike,Evculof,IA,14035,11/23/1979
822,Jason,Gibbs,gagu@gu.vi,Male,(206) 994-8627,Ajaile Glen,Ocumawafe,NJ,72279,7/4/1993
823,Andre,Todd,mofolehi@masnodsi.bd,Female,(782) 652-8142,Karo Junction,Memsakgi,AL,24092,2/23/1970
824,Lawrence,Murphy,romilij@ekiuvbi.nc,Female,(619) 289-1941,Kiruri Turnpike,Aljocbib,TN,32702,3/1/1977
825,Roxie,Marsh,kobujdal@ku.cm,Female,(659) 340-4656,Cilod Highway,Akiwobe,PA,92974,3/31/1961
826,Isaiah,Peterson,igi@eru.us,Female,(872) 965-1329,Purhu Mill,Pessires,SC,40950,9/24/1984
827,Minnie,Kelley,cam@li.cc,Male,(958) 427-5219,Piwi Highway,Noruwori,MO,22692,8/2/1971
828,Daniel,Torres,jed@ca.sl,Male,(208) 463-2902,Tehmo Center,Vopleen,ID,28619,1/6/1969
829,Melvin,Aguilar,hefzi@fabta.fi,Female,(456) 203-9905,Zoji Highway,Apodfef,KY,30849,6/6/1995
830,Chris,Graham,jav@opcef.mh,Male,(682) 960-1991,Girul Manor,Ipujedhir,KY,96002,10/16/1993
831,Jim,Owens,ruip@parari.ua,Male,(435) 294-4798,Polip Junction,Lakikci,DC,72617,6/13/1977
832,Alex,Martin,ka@gisohepos.ls,Female,(809) 268-4652,Tugu Junction,Icezovnac,CO,77221,9/3/1972
833,Donald,Carson,kuipjo@natved.so,Female,(810) 331-5193,Jehol Street,Tudlolzoz,WY,55109,4/19/1969
834,Floyd,Parks,ob@zas.pw,Male,(564) 888-3334,Gafoz Road,Olovives,MD,56967,6/21/1964
835,Angel,Walker,gidgi@get.mh,Female,(838) 238-1547,Megob Path,Vewkekek,AZ,42909,2/15/1997
836,Roxie,Johnson,lahutguz@hekvu.vg,Female,(360) 707-1164,Hoca Heights,Sisisri,PA,61380,7/12/1976
837,Lillian,Morton,cupa@vufebje.bs,Male,(640) 214-7106,Mupa Lane,Rutjief,IA,59417,6/29/1992
838,Connor,Taylor,eke@udogeg.as,Female,(284) 811-6895,Wunar Heights,Owebiwu,VA,64293,3/13/1994
839,Daniel,Willis,uttumfu@zu.sk,Female,(869) 866-5103,Pogkuh Parkway,Zaznivhug,MA,51168,12/17/1998
840,Norman,Allen,gozzenla@komkotpel.ky,Male,(224) 947-5911,Nuoho Road,Pogrigi,VA,37572,7/6/1955
841,Travis,Stevenson,ha@ceamfo.nl,Male,(635) 514-4911,Dobaju Key,Kotiti,UT,47601,3/9/1969
842,Austin,Gibson,bir@gif.ve,Female,(841) 338-7942,Nevod Point,Hufufjem,DE,89031,2/8/1972
843,Leonard,Lamb,dog@nu.ag,Female,(777) 521-8936,Dimi Point,Kecsiswug,WY,84622,6/27/1997
844,Nathaniel,Dixon,hozozifi@fihboc.id,Female,(323) 783-1168,Vugjum Pass,Piviga,OR,37942,4/8/1994
845,Bryan,Jacobs,rewel@epsajdav.sm,Male,(980) 296-1436,Mugowi Drive,Fikejugip,MI,38884,3/30/1971
846,Charlie,Patton,boawo@hubotsug.bz,Female,(801) 585-4291,Zobsud Mill,Wirbussaw,CT,32978,8/20/1968
847,Mollie,Olson,uk@jivmutoca.lu,Male,(983) 911-9404,Koal Way,Nukulzut,NY,13863,12/17/1982
848,Christopher,Santiago,ipfidtun@jeso.pm,Female,(882) 943-7631,Ututev Extension,Pazokit,MT,50393,4/11/1971
849,Margaret,Nguyen,wev@vewhe.tr,Male,(584) 395-6371,Lipva Square,Guroznot,NH,72103,7/16/1958
850,Lulu,Waters,do@medcubuz.to,Female,(802) 748-5674,Ufma Loop,Zitiropa,SD,66532,4/28/1974
851,Owen,Simmons,let@lumup.co,Female,(953) 790-2232,Imonef Grove,Ezrogjil,AZ,65556,1/27/1977
852,Micheal,Clarke,ihu@ubboh.gg,Male,(558) 672-7097,Wejta Pass,Muhcako,DC,62428,5/9/1961
853,Isaiah,Fleming,fonagbu@huwulab.no,Male,(987) 382-6253,Onita Key,Zertaci,ID,15812,8/28/1969
854,Clyde,Carpenter,mic@uge.ua,Male,(685) 885-1910,Nehac Mill,Liguar,VT,10806,4/25/1970
855,Hester,Harmon,his@futpe.gh,Female,(489) 742-7203,Feloc Pass,Akuvevuz,TX,23187,2/11/2001
856,Verna,Frazier,zon@fer.ie,Male,(724) 574-7952,Oseisa Junction,Nubape,VT,85720,8/13/1970
857,Ophelia,Abbott,lazov@ozo.nz,Male,(676) 361-6813,Mupva Turnpike,Heuniwe,OK,42164,4/10/1977
858,Iva,McKenzie,oresobif@mimvi.ga,Male,(342) 919-1848,Bojpen Pass,Jukfunfo,CO,68086,5/19/1972
859,Jordan,Conner,huv@mawagcid.dm,Female,(414) 790-5669,Hupaz Junction,Riwcacuh,ME,26304,5/16/1972
860,Barbara,Moody,odekelic@ful.org,Female,(819) 638-7307,Pubuf Lane,Zowopefi,MO,55209,10/31/1992
861,Glenn,McKenzie,mihomi@ordibor.bv,Male,(731) 512-4964,Okuc Extension,Botrorwok,IL,26047,2/26/1975
862,Allen,Mendoza,ur@zear.cm,Female,(539) 850-7653,Cejnom Street,Azewno,VA,92140,10/13/1991
863,Mabel,Ferguson,to@ukru.edu,Female,(379) 221-9259,Pedij Mill,Huckuphej,CT,41840,9/4/1993
864,Victoria,Burke,ipbodri@ugumo.tn,Male,(864) 696-8358,Gehur Plaza,Zivcubnil,VA,40546,11/5/1992
865,Francisco,Medina,kohrovdap@kos.np,Male,(275) 266-2337,Pojotu Boulevard,Tawabibus,WY,27512,7/10/1962
866,Eliza,Collins,mitma@keh.nu,Male,(370) 633-1843,Napa Loop,Wodeot,AR,87196,12/6/1982
867,Joel,Brown,motbozjel@das.do,Male,(601) 587-6596,Pepneh Center,Hiorufi,MS,85569,5/31/1975
868,Victoria,Paul,coglup@oko.je,Male,(959) 598-2435,Ritul Turnpike,Azojoav,WV,90065,7/29/1964
869,Lola,Fuller,urgigaz@bupuvag.hn,Male,(947) 796-7586,Egoik Path,Ihorjo,AZ,52829,4/25/1993
870,Lora,Norris,ug@jo.ht,Male,(658) 204-4742,Izla Circle,Lartifdo,NH,34174,1/22/1964
871,Hattie,Horton,uh@cop.km,Female,(373) 637-1552,Zitga Heights,Tulepul,KS,62090,8/17/1981
872,Sue,Howell,mi@duutezo.ss,Male,(977) 516-6923,Hetka Turnpike,Weonega,WI,64043,2/23/1968
873,Ralph,Hayes,geegiku@mofubdus.ni,Male,(564) 772-4944,Rovole Street,Kapivlo,OR,9059,9/19/1994
874,Tillie,Tucker,ludejih@di.cd,Male,(312) 373-8069,Liwwo Grove,Hocuopu,TX,86426,9/16/1963
875,Amelia,Gibbs,rudato@hapedbaj.no,Male,(254) 834-7490,Wouva Grove,Pogigiz,NH,91459,4/24/1973
876,Alma,Kelly,umu@uw.cn,Male,(860) 500-9232,Momuce Pike,Tukipsar,NE,70213,5/2/1960
877,Josie,Ortega,cu@cihha.gov,Female,(808) 206-3245,Withel Parkway,Zicruwago,NC,50727,12/24/1973
878,Alan,Sharp,fof@vurul.bo,Male,(334) 606-5643,Zovtu Glen,Jiwnaifi,WI,24234,10/6/1973
879,Owen,Shelton,nusjicmih@kot.om,Male,(385) 759-4532,Juri River,Uzsuluma,MT,20161,10/24/1975
880,Lelia,Porter,cirla@ceguzzu.it,Male,(426) 345-2739,Gisih Boulevard,Ekkedo,WV,3580,3/27/1986
881,Clayton,Garner,vonwabom@kucikco.il,Male,(817) 539-2360,Uziew Avenue,Nesfazet,KS,38816,3/25/1980
882,Adele,Goodwin,rageszuv@losom.gq,Female,(319) 374-3387,Kuut Center,Velucne,IN,16521,7/20/1963
883,Gavin,Holmes,sok@uc.tl,Male,(772) 311-1853,Povez Square,Avpoaju,IL,53313,12/31/1994
884,Steve,Garrett,bicne@seohu.sy,Male,(563) 453-7020,Boza Key,Bewbuvi,AK,79802,6/9/1954
885,Keith,May,lutizo@jedohfo.aw,Male,(735) 387-5861,Tobur Turnpike,Otevivvo,AZ,9498,1/22/1971
886,Mina,Lynch,ko@jac.ki,Female,(987) 973-4395,Vivtub Point,Kopduezo,RI,36244,4/26/1983
887,Glen,Pearson,cetuoju@raz.kw,Male,(270) 825-6439,Seboz Pike,Nuflorzep,NY,11829,4/16/1994
888,Theodore,Robinson,pu@emdejva.kz,Male,(532) 677-7863,Lutdo Street,Soitdu,WY,7328,3/27/1989
889,Ethan,Cohen,icdofki@ib.es,Female,(885) 555-9312,Kuktem River,Ubapibo,CO,64757,7/28/1983
890,Eleanor,Thornton,sohlowjur@lurajceh.bn,Male,(564) 852-7642,Nowles Circle,Buedir,NE,65418,3/16/1981
891,Nellie,Daniels,megi@wirej.cm,Male,(411) 945-6058,Denahi Extension,Ligpacor,DE,74929,2/24/1976
892,Jeff,Vasquez,coomdid@ga.gw,Female,(714) 761-7032,Rirav Junction,Mepotre,NJ,15850,12/4/1970
893,Annie,Malone,lidkup@kufol.sc,Female,(518) 589-8710,Jitfad Center,Istoiha,OK,87294,11/6/1957
894,Vernon,Baker,famubru@nam.gw,Female,(841) 942-5774,Torul Manor,Migzemaje,VT,1021,12/12/1999
895,Micheal,Bowers,ibalias@fi.gov,Male,(846) 687-6188,Gepris Road,Jijbejdoc,MN,67040,1/5/1975
896,Leonard,Valdez,riibtu@uksi.kh,Male,(476) 272-4024,Torzo Extension,Mugzizma,WI,96387,1/12/1997
897,Dale,Long,ro@tepli.jm,Male,(532) 864-8422,Cedkis Terrace,Vadsehino,PA,5586,1/26/1997
898,Ollie,Boyd,ufo@um.ck,Female,(400) 858-1210,Seuh Loop,Paftudwew,OH,29589,12/18/1995
899,Frederick,Rivera,jupollo@hil.qa,Female,(953) 222-2044,Zajwo Manor,Fususep,NM,20920,4/21/1973
900,Polly,Clarke,kur@coswe.et,Male,(209) 312-8590,Wizjom Square,Zucriol,VT,14602,1/23/1964
901,Roger,Soto,kuodte@ih.gm,Male,(513) 226-9415,Wimo Court,Cofiku,DE,78524,4/8/1987
902,Charles,Schwartz,getjirmo@suw.at,Female,(476) 590-7953,Pehpod Ridge,Facenrib,KS,84897,11/26/1964
903,Gary,Sims,zopleiv@vome.dj,Female,(879) 224-4953,Meuno Mill,Ifakuzzib,NV,45456,3/27/1960
904,Carolyn,Horton,zoj@ufiwokju.km,Female,(852) 289-5496,Copu Ridge,Gihegoji,MS,97771,6/19/1996
905,Clara,Moody,ivnow@cajjiw.cg,Female,(329) 455-1013,Lakip Boulevard,Noliro,PA,33311,10/19/1982
906,Chad,Harrington,gehgenu@fimnumfa.td,Male,(358) 774-5501,Cezih Loop,Nogbihwu,VT,24742,5/22/1986
907,Loretta,Gonzales,tora@ro.im,Male,(456) 661-2817,Pitzeg River,Hakeknut,LA,93654,7/25/1989
908,Bertha,Burgess,ite@ge.tm,Female,(255) 420-5224,Recar Way,Jiwjibzef,CA,38232,10/1/1980
909,Mamie,Weaver,neob@jehucuedi.wf,Male,(329) 933-3057,Olwak Manor,Gazecfec,NV,70320,2/17/1998
910,Maud,Tucker,eleopa@siw.pa,Male,(429) 415-1650,Sidel Point,Tannajef,MN,32561,12/20/1956
911,Charlie,Moreno,di@raliwat.mv,Female,(372) 237-7014,Gelmu Terrace,Muhaco,FL,79040,9/13/1968
912,Bertha,Henry,tacu@besgi.se,Female,(608) 932-8004,Vaki Path,Wetuki,IN,74481,8/25/1995
913,Jimmy,Pena,ufkodub@wunnafma.ck,Female,(454) 640-9747,Diwav Way,Gugodac,MS,44618,11/8/1962
914,Wesley,Abbott,cuvo@avo.ro,Female,(963) 301-2232,Voptat Manor,Jumacvud,WY,62853,5/10/1956
915,Kathryn,Johnston,ci@zikroumu.sj,Male,(800) 660-6790,Lejo Park,Pesrehi,MI,55962,1/2/1991
916,Louise,Graham,lep@hoggo.ge,Female,(871) 754-2116,Dizovo Path,Suneheag,MD,95698,5/8/1976
917,Gordon,Sullivan,rukke@agjule.mx,Female,(902) 764-8044,Ozlu Key,Tifitziw,OK,16819,3/3/1964
918,Dennis,Byrd,cih@inuduw.gb,Male,(284) 321-9874,Bani Junction,Sotlafmu,MT,63570,7/3/1956
919,Ellen,Newton,ogo@sevdewo.fm,Female,(584) 802-2531,Kokape Junction,Jusief,PA,40966,4/25/1956
920,Alma,Phelps,zif@harbuz.kw,Male,(525) 433-7294,Jaflo Court,Gidbortow,RI,1293,3/11/1968
921,Eric,Henderson,vi@tadzigfe.gf,Male,(948) 881-3332,Afho Ridge,Vewolub,VA,96599,7/21/1996
922,Josie,Palmer,wekiwral@beuhoki.tv,Female,(383) 511-6710,Temel Mill,Ovunca,ND,31320,11/17/1964
923,Luis,Lucas,zep@gedow.nr,Female,(255) 330-7140,Pelgu Key,Alaloja,NY,3568,1/18/1957
924,Chad,Barnett,amowjeh@bo.re,Male,(762) 216-6252,Ewofiv Highway,Botvamito,WA,35612,6/30/1977
925,Andre,Tran,tacvili@nazej.hu,Female,(283) 281-8514,Somava Place,Zujeblor,AK,93726,6/14/1992
926,Ellen,Chapman,fusedpem@odriko.pr,Female,(379) 832-1791,Emagit Center,Pilizop,WY,38938,1/8/1962
927,Dorothy,Franklin,ezena@lolim.lt,Male,(232) 442-2894,Ivna Trail,Toufzo,VA,41252,1/19/1980
928,Lucinda,Fields,oranesod@vepopbun.et,Female,(826) 991-9528,Viwu Trail,Sirbufga,ND,26964,10/25/2000
929,Jared,Webb,iwlobuk@reewe.tl,Female,(209) 826-4965,Loil Pass,Toudra,MO,51659,3/22/1963
930,Terry,Robinson,pu@zi.ci,Female,(440) 923-6559,Edemu Avenue,Cilojivo,DC,55754,9/18/1969
931,Lillian,Elliott,mezgaze@or.cu,Female,(375) 892-3663,Zado Point,Urkoogu,SD,1716,6/16/1981
932,Betty,Willis,jarmaw@duv.cx,Male,(231) 230-7049,Biniw Drive,Nanoic,WY,12897,8/18/1967
933,Adeline,Miller,ikegi@deboj.rw,Female,(912) 533-1984,Zezop Pass,Futawjun,WA,86995,1/1/1973
934,Jackson,Guerrero,vo@uhirer.et,Female,(939) 451-8838,Megeje View,Moharu,TN,38408,2/23/1957
935,Estelle,Fields,dow@kiczoasu.mx,Male,(987) 401-2833,Oztig Street,Boebluf,AR,11969,12/30/1990
936,Lester,Alvarado,rom@vosapil.an,Male,(384) 323-6481,Lane Path,Faosiozi,CO,98512,11/15/1981
937,Belle,French,jeggonav@zidtu.cg,Male,(670) 669-7501,Onevo Road,Nellimco,AL,98765,10/11/1973
938,Stephen,Miles,uroizufu@hih.je,Female,(774) 555-3677,Zupik Lane,Wumkekpan,CA,78200,5/16/1975
939,Mathilda,Reese,nojaz@olaaw.mv,Female,(605) 637-7850,Uflav Heights,Zijfamu,NY,20826,3/5/1986
940,Barbara,Lawrence,pelakag@jas.gy,Male,(619) 906-6808,Fihde River,Urhuov,KY,82841,3/27/1994
941,Catherine,Rice,peco@riijitu.net,Female,(837) 667-7864,Sewbe Park,Wuvhefob,CA,65707,7/29/1962
942,Olivia,Collier,ocemuko@asovarage.au,Male,(865) 237-8244,Jona River,Salcaiv,KS,7167,2/5/1977
943,Johnny,James,gore@kolepu.jo,Female,(805) 638-7072,Nuga Point,Wekfoda,ME,86909,4/23/1974
944,Cora,Hammond,nuwged@ifa.edu,Male,(551) 452-7554,Orezav Pass,Netuvvi,DC,24623,12/24/2001
945,Jane,Gardner,lahuh@zug.gp,Female,(612) 521-1978,Vowu Circle,Woerahas,GA,52313,9/10/1978
946,Ora,Ballard,jim@as.ck,Male,(450) 331-9028,Kohdo Grove,Wocbero,MI,21782,4/21/1996
947,Kevin,Rogers,kiv@fijiswip.sy,Male,(646) 363-9475,Ukuva Turnpike,Wikerul,CT,42224,12/1/1963
948,Alex,Benson,bowip@guonuvuz.mo,Male,(724) 381-4605,Erefeb Pass,Ofainajet,NE,16015,6/24/1959
949,Floyd,Waters,vo@aloher.py,Female,(837) 488-5224,Evez Pass,Omuvadte,SD,43191,5/31/1969
950,Curtis,Hanson,kib@tivni.kw,Male,(457) 336-9926,Rewnir Plaza,Dejvuli,MO,96597,10/20/1963
951,Owen,Grant,ow@oniucmeb.ht,Male,(650) 316-5204,Supufu Center,Jalluraz,WA,63469,5/4/1977
952,Chester,Becker,nas@teh.tj,Male,(744) 616-1577,Neras Point,Ivkabu,NC,79241,1/23/1988
953,Carrie,Flowers,vun@vuar.ae,Female,(402) 876-9993,Wese Grove,Urucfek,TN,77712,2/1/1959
954,Mary,Johnston,lemi@wafvoftid.cm,Male,(529) 538-8647,Seusi Junction,Bizohahil,AK,20907,10/20/1996
955,Nora,Carlson,luhucur@cihoku.bs,Male,(787) 375-8774,Jovap River,Cieroju,ID,69089,1/27/1985
956,Hettie,Adams,bapnitewe@kijcococ.cf,Male,(929) 934-5613,Sirbi Manor,Vufoluteh,KY,92840,8/1/1978
957,Roger,Stewart,fezakot@rowtawij.am,Female,(320) 335-4639,Gepo Ridge,Kitiwiner,AK,37123,10/4/1978
958,Andre,Tate,zugen@ezwabsi.mx,Female,(460) 946-8879,Idene Square,Fupjucow,MD,17566,8/4/1960
959,Angel,Garrett,joura@pail.af,Female,(541) 356-6871,Mawet Road,Emawocsa,ID,2284,3/6/1969
960,Jeffrey,Clark,fitviz@je.mv,Male,(940) 660-3407,Epabi Manor,Koguwvo,FL,76679,9/22/1979
961,Cecilia,Garza,bu@tolip.vi,Female,(476) 763-1058,Piib Turnpike,Tenerefi,AL,34995,1/31/1973
962,Cordelia,Gordon,ve@ufuco.uz,Male,(514) 839-2862,Vusfe Pass,Afuzodif,NM,34049,2/16/1973
963,Maurice,Vaughn,me@luav.mm,Female,(335) 700-9512,Vabzu Key,Jimtahjab,CT,24414,9/3/1996
964,Patrick,Harris,dasmi@ka.bi,Female,(777) 588-3693,Mibaw Key,Katuvom,UT,46941,7/7/1966
965,Lester,Hardy,ipuvonjo@iffal.us,Female,(412) 492-4319,Odono Avenue,Umwiwwe,WI,27788,1/1/1968
966,Marie,Mathis,gebi@gikle.aw,Male,(936) 897-4538,Nogod Glen,Getwouj,LA,44035,8/15/1971
967,Emily,Griffith,per@en.cu,Female,(427) 557-2464,Afja Way,Beczikcur,AZ,9668,7/10/1982
968,Gordon,Mann,zew@te.mm,Female,(569) 806-6322,Ojis View,Esirrih,DC,47697,12/11/1958
969,Cecilia,Griffin,lidbacva@hiw.yt,Female,(847) 842-9070,Mepram Ridge,Tohumu,NV,67450,8/4/2001
970,Charles,Spencer,za@nem.lk,Female,(235) 687-8972,Kogvuz Place,Zeskahow,KS,85855,2/1/1967
971,Logan,May,lilo@uhunar.gw,Female,(614) 294-1662,Sevab Point,Jumfegiz,CO,29735,11/26/1956
972,Richard,Barnes,cobo@uzavis.re,Male,(447) 671-6555,Mere Circle,Sanimhal,NV,7696,2/11/1975
973,Robert,Estrada,zic@ganadkuh.va,Male,(769) 933-6555,Rahjo Way,Nuhgube,MN,95263,10/28/1965
974,Tommy,Jackson,vew@hiwnon.er,Male,(486) 929-6932,Mitde Park,Mouklo,UT,4343,6/3/1999
975,Claudia,Kelley,cuk@soknib.mr,Male,(529) 630-1240,Zoziv Key,Janwewfed,MS,31897,3/8/1996
976,Augusta,Garza,kew@ro.kr,Female,(244) 756-8955,Oksez Road,Gebukito,AR,59366,6/28/1990
977,Ricky,Gomez,souhdug@cu.kn,Female,(652) 751-4140,Beito Plaza,Gavkepek,NH,44149,4/25/1981
978,Estelle,Jefferson,herawacet@geleigu.gov,Female,(827) 973-1658,Linka Avenue,Jodoze,CT,65507,9/14/1975
979,Justin,Richards,cisral@wesedeguf.by,Male,(506) 976-9944,Ofru Court,Ujuimuce,ME,31766,11/21/1973
980,Gabriel,Thornton,posviloj@jababaf.bb,Female,(579) 622-5388,Aseger Extension,Tuklonew,IN,23334,12/17/1963
981,Allie,Anderson,pe@wac.es,Male,(375) 601-9550,Hiwej Drive,Lohroop,RI,33761,9/23/2001
982,Amanda,Reyes,ammoso@asupu.ni,Female,(443) 285-7830,Arwi Path,Gicopug,MD,49800,11/13/1956
983,Lucile,Arnold,ji@gimovo.th,Female,(330) 229-4465,Povo Terrace,Rohogoh,WA,71464,4/29/1962
984,Joe,Jordan,ru@bug.se,Male,(401) 694-1604,Wapfa Lane,Adupma,MA,26212,4/3/1955
985,Elnora,Medina,unazon@vivdim.pk,Female,(911) 622-1429,Buso Terrace,Gudsuku,AZ,77907,6/21/1954
986,Travis,Day,lovjimol@tat.gu,Female,(806) 672-4898,Giku Turnpike,Semlipa,NE,84684,12/11/1964
987,Marie,Walters,ledpi@zojeh.ao,Female,(433) 774-3918,Eziwab Trail,Jilbiscen,HI,9693,3/20/1968
988,Dennis,Austin,atzad@zi.km,Female,(349) 362-4449,Kagu Point,Fautakuw,LA,3135,12/4/1976
989,Mable,Padilla,vo@puva.lu,Female,(278) 944-1881,Hezdu Lane,Ehbaba,OR,68149,2/4/1957
990,Laura,Higgins,iskop@bekot.nl,Male,(260) 422-2052,Aziji Street,Punuzjah,OK,73018,6/23/1967
991,Bruce,Wood,jekemul@adizinda.cm,Female,(719) 260-9649,Kupu Heights,Jujeren,LA,20204,8/21/1992
992,Charlie,Chambers,zuhliz@ul.pw,Female,(647) 463-6447,Liuje Road,Kinomtu,CT,39111,10/25/1954
993,Calvin,Douglas,eskafpe@jon.lt,Female,(860) 596-4483,Icgu Path,Seletje,MD,97743,2/25/1997
994,Dollie,Peters,hocbaano@lirofig.tk,Male,(633) 315-1121,Koar Center,Feewamep,SC,91243,10/8/1994
995,Ray,Cooper,jera@bet.bn,Female,(233) 512-4170,Ebfig Ridge,Judkilep,WA,93889,3/3/2001
996,Shane,Harris,deghis@javgo.sl,Female,(512) 749-8553,Fineb Junction,Fomretcol,OR,17140,2/28/1997
997,Douglas,Nash,najimu@adazit.bi,Male,(986) 943-5965,Timnet Boulevard,Cokachi,AZ,18367,2/1/1984
998,Jerry,Ramos,akgub@suj.is,Female,(900) 902-4973,Bavi Road,Duolpar,UT,67606,9/20/1959
999,Glen,Fox,fifjupih@ku.gs,Female,(948) 233-5848,Huba Key,Fuupiowi,TX,6426,9/18/1997
1000,Zachary,Reid,wordedopa@zi.kr,Male,(874) 554-1555,Powfo Heights,Jeftugre,OK,55431,10/25/1993
